ID,Query,Konteks Pasal,Ground Truth,Retrieved_Context,AI_Answer
1,Apakah seseorang bisa dipidana atas perbuatan yang belum diatur undang-undang?,Pasal 1 ayat (1),Tidak bisa. Seseorang hanya dapat dipidana berdasarkan peraturan pidana yang telah ada sebelum perbuatan dilakukan.,"[Pasal 125]: Pasal 125 Ayat (1) Dalam ketentuan ini diatur mengenai perbarengan peraturan atau konkursus idealis, dimana terdapat kesatuan perbuatan, karena itu sistem pemidanaan yang digunakan adalah sistem absorbsi. Dalam hal seseorang melakukan suatu perbuatan dan temyata perbuatan tersebut melanggar lebih dari satu ketentuan pidana, maka hanya berla-ku satu ketentuan pidana yaitu yang terberat. Ayat(21 Ketentuan ini mengatur mengenai asas lex specialis derqat legi generall Asas ini dicantumkan agar tidak ada keragu-raguan pada hakim jika te{adi kasus yang diatur ddalr, 2 (dua) Undang-Undang.

[Pasal 417]: Pasal 417 Tindak Pidana dalam ketentuan ini adalah perbuatan menggerakkan seseorang yang belum dewasa, belum kawin, dan berkelakuan baik untuk melakukan perbuatan cabul atau persetubuhan dengannya atau membiarkan terhadap dirinya dilakukan perbuatan cabul. Cara untuk menggerakkan seseorang tersebut adalah dengan memberi hadiah atau berjanji . . . SK No l61432A EFEIEtrN BLII( INDONESIA be{anji akan memberi hadiah, dan dengan cara tersebut pelaku Tindak Pidana menyalahgunakan wibawa yang timbul dari hubungan keadaan atau menyesatkan orang tersebut.

[Pasal 433]: Pasal 433 Ayat (1) Sifat dari perbuatan penceflur€rn adalah jika perbuatan penglrinaan yang dilakukan dengan cara menuduh, baik secara lisan, tulisan, maupun dengan gambar, yang menyerang kehormatan dan nama baik seseorang, sehingga merugikan orang tersebut. Perbuatan yang dituduhkan tidak perlu harus suatu Tindak Pidana. Tindak Pidana menurut ketentuan dalam pasal ini objeknya adalah orang perseorangan. Penistaan terhadap lembaga pemerintah atau sekelompok orang tidak termasuk ketentuan pasal ini. Ayat (2) Cukup jelas. Ayat (3) Sifat melawan hukum dari perbuatan tersebut ditiadakan karena adanya alasan pemaaf yaitu jika perbuatan tersebut dilakukan untuk kepentingan rrmum atau karena terpaksa membela diri.","Menurut Pasal 125 Ayat (1) Kitab Undang-Undang Hukum Pidana, jika seseorang melakukan suatu perbuatan dan ternyata perbuatan tersebut melanggar lebih dari satu ketentuan pidana, maka hanya berlaku satu ketentuan pidana yaitu yang terberat. Oleh karena itu, dalam hal ini, apabila perbuatan belum diatur dalam undang-undang, maka tidak dapat dipidana.

Dalam hal lain, jika perbuatan tersebut melanggar ketentuan pidana yang ada, maka dapat dipidana menurut ketentuan pidana yang relevan. Namun, jika perbuatan belum diatur dalam undang-undang, maka tidak dapat dipidana berdasarkan Pasal 125 Ayat (1) Kitab Undang-Undang Hukum Pidana.

Dasar hukum: Pasal 125 Ayat (1) Kitab Undang-Undang Hukum Pidana."
2,Apakah hakim boleh menggunakan analogi untuk menentukan tindak pidana?,Pasal 1 ayat (2),Tidak boleh. Penetapan adanya tindak pidana dilarang menggunakan analogi.,"[Pasal 434]: Pasal 434 Ayat (1) Cukup jelas. Ayat (2) Hurrf a Dalam hal pelaku Tindak Pidana sebagaimana dimaksud dalam ketentuan ini diberi kesempatan oleh hakim untuk membulrtikan kebenaran dari apa yang dihrduhkan, tetapi ia tidak dapat membuktikan bahwa yang dituduhkan itu benar, pelaku Tindak Pidana dipidana sebagai pemfitnahan. Hurufb Cukup jelas. Ayat (3) Pembuktian kebenaran tuduhan hanya dibolehkan apabila hakim memandang perlu untuk memeriksa kebenaran bahwa terdakwa melakukan perbuatan itu untuk kepentingan umurn, atau karena terpaksa PNES!DEN REPTIEIJK INDONESIA terpaksa membela diri. Pembuktian kebenaran tuduhan juga diperbolehkan apabila yang dituduh adalah seorang pegawai negeri dan yang dituduhkan berkenaan dengan menjalankan tugasnya.

[Pasal 94]: Pasal 94 Ayat (1) Pencantuman pidana tambahan berupa pembayaran ganti rugi menunjukkan adanya pengertian akan penderitaan Korban suatu Tindak Pidana. Ganti rugi harus dibayarkan kepada Korban atau ahli waris Korban. Untuk itu, hakim menentukan siapa yang merupakan Korban yang perlu mendapat ganti rugi tersebut. Jika terpidana tidak membayar ganti rugi yang ditetapkan oleh hakim, dikenakan ketentuan tentang pidana pengganti untuk pidana denda. Ayat (2) Ketentuan mengenai pelaksanaan pidana denda diberlakukan terhadap pidana pembayaran ganti rugi dengan catatan bahwa terpidana membayarkan uang tersebut kepada Korban dan bukan kepada negara.

[Pasal 106]: Pasal 106 (1) Dalam mengenakan tindakan pelatihan kerja, hakim waj ib mempertimbangkan : a. kemanfaatan bagi terdakwa; b. kemampuan terdakwa; dan c. jenis pelatihan kerja. (2) Dalam menentukan jenis pelatihan kerja sebagaimana dimaksud pada ayat (1) huruf c, hakim wajib memperhatikan pengalaman kerja dan tempat tinggal terdakwa.","Saya tidak tahu. Informasi tidak tersedia di konteks tentang apakah hakim dapat menggunakan analogi untuk menentukan tindak pidana. Hanya Pasal 434, Pasal 94, dan Pasal 106 yang diterangkan dalam dokumen konteks, namun tidak ada ketentuan yang menjelaskan penggunaan analogi sebagai acuan dalam menentukan tindak pidana."
3,Apakah hukum yang hidup dalam masyarakat tetap dapat berlaku walaupun tidak diatur dalam KUHP?,Pasal 2 ayat (1),"Ya, hukum yang hidup dalam masyarakat dapat berlaku sepanjang sesuai dengan Pancasila, UUD 1945, HAM, dan asas hukum umum.","[Pasal 428]: Pasal 428 Ayat (1) hukum yang hidup dalam Dalam ketentuan ini, hakim perlu meneliti tiap kejadian, apakah hubungan antara terdakrva dan orang yang berada dalam keadaan terlantar memang dikuasai oleh hukum atau perjaqiian yang mewajibkan terdakwa memberi nalkah, merawat, atau memelihara or€u1g yang terlantar tersebut. Ayat (2) Termasuk dalam Pejabat adalah orang yang diserahi kewajiban untuk merawat atau memelihara orang terlantar dalam suatu organisasi kemasyarakatan yang pendanaannya bersumber dari masyarakat atau bantuan pemerintah. Ayat (3) Cukup jelas. Pasal429 Cukup jelas.

[Pasal 597]: Pasal 597 Yang dimaksud dengan ""perbuatan yang menurut hukum yang hidup dalam masyarakat dinyatakan sebagai perbuatan yang dilarang"" mengacu pa.da ketentuan

[Pasal 53]: Pasal 53 Ayat (1) Cukup jelas. Ayat(21 Kepa.stian hukum dan keadilan merupakan 2 (dua) tqiuan hukum yang kerap kali tidak sejalan satu sama lain dan sulit dihindarkan dalam praktik hukum. Suatu peraturan perundarrg-undangan yang lebih banyak memenuhi tuntutan kepastian hukum maka semakin besar pula kemungkinan aspek keadilan terdesak. peraturan perundang-undangan ini dalam praktik dapat diatasi dengan jalan memberi penafsiran atas peraturan perundang-undangan tersebut dalam penerapannya pada kejadian konkret. Jika dalam penerapan yang konkret, terjadi pertentangan antara kepastian hukum dan keadilan, hakim sedapat mungkin keadilan di atas kepastian hukum.","Dalam Pasal 597, definisi ""perbuatan yang menurut hukum yang hidup dalam masyarakat dinyatakan sebagai perbuatan yang dilarang"" disebut. Berdasarkan definisi tersebut, dapat diketahui bahwa hukum yang hidup dalam masyarakat tidak harus diatur dalam KUHP (Kode Undang-Undang Hukum Pidana). 

Namun, dalam Pasal 428, tidak ada penjelasan spesifik tentang bagaimana hukum yang hidup dalam masyarakat berlaku. Oleh karena itu, jawaban saya adalah: Saya tidak tahu."
4,Peraturan mana yang dipakai jika undang-undang berubah setelah tindak pidana terjadi?,Pasal 3 ayat (1),"Digunakan peraturan yang baru, kecuali aturan lama lebih menguntungkan pelaku.","[Pasal 491]: Pasal 491 Cukup jelas. Ketentuan ini mengatur Tindak Pidana penggelapan. Pada Tindak Pidana penggelapan, Barang yang bersangkutan sudah dikuasai secara nyata oleh pelaku Tindak Pidana. Hal ini berbeda dengan pencurian di mana Barang tersebut belum berada di tangan pelaku Tindak Pidana. Saat timbulnya niat untuk memiliki Barang tersebut secara melawan hukum, juga menentukan perbedaan antara penggelapan dan pencurian. Apabila niat memiliki sudah ada pada waktu Barang tersebut diambil, maka perbuatan tersebut merupakan Tindak Pidana pencurian, sedang pada penggelapan, niat memiliki tersebut baru ada setelah Barang yang bersangkutan untuk beberapa waktu sudah berada di tangan pelaku. Unsur Tindak Pidana penggelapan lainnya adalah bahwa pelaku menguasai Barang yang hendak dimiliki tersebut bukan karena Tindak Pidana, misalnya suatu Barang yang berada dalam penguasaan pelaku Tindak Pidana sebagai jaminan utang piutang yang kemudian dijual tanpa izin pemililoeya. Dalam ketentuan ini, penyerahan Barang karena terpaksa, misalnya pada walrhr terjadi bencana alam seperti kebakaran, banjir, gempa. bumi, dan lain- lain, Barang tersebut diserahkan untuk diselamatkan atau karena tidak mampu mengurus sendiri Barang tersebut, sehingga perlu diserahkan kepa.da pihak lain. l,148A PasaJ492.. . FRESIDEN REI'UELIK INOONESIA

[Pasal 62]: Pasal 62O Yang dimaksud dengan ""lembaga penegak hukum"" misalnya, lembaga yang menyelenggarakan pemberantasan Tindak Pidana narkotika, selain menangani Tindak Pidana narkotika yang diatur dalam Undang-Undang mengenai narkotika, juga. menangani Tindak Pidana narkotika yang diatur dalam Undang-Undang ini. Demikian juga lembaga yang menyelenggarakan pemberantasan Tindak Pidana korupsi, selain menangani Tindak Pidana korupsi yang diatur dalam Undarrg-Undang mengenai pemberantasan Tindak Pidana korupsi, juga menangani Tindak Pidana korupsi yang diatur dalam Undang-Undang ini.

[Pasal 71]: Pasal 71 Ayat (l) Ketentuan ini dimaksudkan untuk mengatasi sifat kaku dari pemmusan pidana yang bersifat tunggal yang seolah-olah mengharuskan hakim untuk hanya menjatutrkan pidana penjara. Di samping itu, hal tersebut dimaksudkan pula untuk menghindari penjatuhan pidana penjara yang pendek. Ayat(2)... {II l-irfl{rf:IrfilNlr'trtltrFlltr Ayat (2) Cukup jelas. Ayat (3) Cukup jelas. Ayat (4) Berdasarkan ketentuan ini kewenangan hakim untuk menjatuhkan pidana denda sebagai pengganti pidana penjara, dibatasi dengan ketentuan pelaku Tindak Pidana tetap dijatuhi pidana penjara meskipun diancam dengan pidana tunggal apabila yang bersangkutan pernah dijatuhi pidana penjara karena Tindak Pidana yang dilakukannya setelah berumur 18 (delapan belas) tahun. Pasa772 Ayat (1) Ketentuan ini memuat pembebasan bersyarat bagi narapidana yang menjalani pidana penjara. Dalam ketentuan ini, narapidana yang diberikan pembebasan bersyarat hanya narapidana yang masa pidananya paling singkat I (satu) tahun dan setelah narapidana menjalani pidana penjara paling singkat 9 (sembilan) Bulan di lembaga pemasyarakatan dan berkelakuan baik. Pembebasan bersyarat diberikan dengan harapan narapidana dapat dibina sedemikian rupa untuk berintegrasi kembali dengan masyarakat. Oleh karena itu, selama menjalani pidana dalam lembaga pemasyarakatan, setiap narapidana harus dipantau perkembangan hasil pembinaan terhadap dirinya. Pembebasan bersyarat harus dipandang sebagai usaha pembinaan dan bukan sebagai hadiah karena berkelakuan baik. Ayatl2l Narapidana yang telah melakukan beberapa Tindak Pidana sehingga harus menjalani beberapa pidana penjara berturut-turut, maka untuk mempertimbangkan pemberian pembebasan bersyarat, pidana tersebut dijumlahkan dan dianggap 1 (sah:) pidana. Ayat (3) Cukup jelas. Ayat (4) Pemberian pembebasan bersyarat disertai dengan masa percobaan yakni sama dengan sisa waktu pidana penjara yang masih belum dllalani ditambah 1 (satu) tahun. Dalam masa percobaan ditentukan pula syarat- syarat yang harrs dipenuhi narapidana. Ayat(s)... yat (s) Cukup jelas.","Menurut Pasal 62 Undang-Undang, lembaga penegak hukum diatur untuk menangani Tindak Pidana yang diatur dalam Undang-Undang ini. Oleh karena itu, jika undang-undang berubah setelah tindak pidana terjadi, maka peraturan yang dipakai adalah peraturan sebelumnya yang sudah diatur dalam Undang-Undang pada saat tindak pidana terjadi.

Dasar: Pasal 62 Undang-Undang."
5,Apa akibat jika suatu perbuatan tidak lagi dianggap tindak pidana menurut aturan baru?,Pasal 3 ayat (2),Proses hukum terhadap tersangka atau terdakwa harus dihentikan demi hukum.,"[Pasal 433]: Pasal 433 Ayat (1) Sifat dari perbuatan penceflur€rn adalah jika perbuatan penglrinaan yang dilakukan dengan cara menuduh, baik secara lisan, tulisan, maupun dengan gambar, yang menyerang kehormatan dan nama baik seseorang, sehingga merugikan orang tersebut. Perbuatan yang dituduhkan tidak perlu harus suatu Tindak Pidana. Tindak Pidana menurut ketentuan dalam pasal ini objeknya adalah orang perseorangan. Penistaan terhadap lembaga pemerintah atau sekelompok orang tidak termasuk ketentuan pasal ini. Ayat (2) Cukup jelas. Ayat (3) Sifat melawan hukum dari perbuatan tersebut ditiadakan karena adanya alasan pemaaf yaitu jika perbuatan tersebut dilakukan untuk kepentingan rrmum atau karena terpaksa membela diri.

[Pasal 71]: Pasal 71 Ayat (l) Ketentuan ini dimaksudkan untuk mengatasi sifat kaku dari pemmusan pidana yang bersifat tunggal yang seolah-olah mengharuskan hakim untuk hanya menjatutrkan pidana penjara. Di samping itu, hal tersebut dimaksudkan pula untuk menghindari penjatuhan pidana penjara yang pendek. Ayat(2)... {II l-irfl{rf:IrfilNlr'trtltrFlltr Ayat (2) Cukup jelas. Ayat (3) Cukup jelas. Ayat (4) Berdasarkan ketentuan ini kewenangan hakim untuk menjatuhkan pidana denda sebagai pengganti pidana penjara, dibatasi dengan ketentuan pelaku Tindak Pidana tetap dijatuhi pidana penjara meskipun diancam dengan pidana tunggal apabila yang bersangkutan pernah dijatuhi pidana penjara karena Tindak Pidana yang dilakukannya setelah berumur 18 (delapan belas) tahun. Pasa772 Ayat (1) Ketentuan ini memuat pembebasan bersyarat bagi narapidana yang menjalani pidana penjara. Dalam ketentuan ini, narapidana yang diberikan pembebasan bersyarat hanya narapidana yang masa pidananya paling singkat I (satu) tahun dan setelah narapidana menjalani pidana penjara paling singkat 9 (sembilan) Bulan di lembaga pemasyarakatan dan berkelakuan baik. Pembebasan bersyarat diberikan dengan harapan narapidana dapat dibina sedemikian rupa untuk berintegrasi kembali dengan masyarakat. Oleh karena itu, selama menjalani pidana dalam lembaga pemasyarakatan, setiap narapidana harus dipantau perkembangan hasil pembinaan terhadap dirinya. Pembebasan bersyarat harus dipandang sebagai usaha pembinaan dan bukan sebagai hadiah karena berkelakuan baik. Ayatl2l Narapidana yang telah melakukan beberapa Tindak Pidana sehingga harus menjalani beberapa pidana penjara berturut-turut, maka untuk mempertimbangkan pemberian pembebasan bersyarat, pidana tersebut dijumlahkan dan dianggap 1 (sah:) pidana. Ayat (3) Cukup jelas. Ayat (4) Pemberian pembebasan bersyarat disertai dengan masa percobaan yakni sama dengan sisa waktu pidana penjara yang masih belum dllalani ditambah 1 (satu) tahun. Dalam masa percobaan ditentukan pula syarat- syarat yang harrs dipenuhi narapidana. Ayat(s)... yat (s) Cukup jelas.

[Pasal 10]: Pasal 10 Waktu Tindak Pidana dalam ketentuan ini, misalnya: a. saat perbuatan fisik dilakukan; b. saat beke{anya alat atau bahan untuk menyemprrnakan Tindak Pidana; atau c. saat timbulnya akibat Tindak Pidana. Ketentuan ini tidak membedakan antara Tindak Pidana formil dan Tindak Pidana materiel.","Berdasarkan Pasal 433 Ayat (1), perbuatan penceflur€rn memiliki sifat yang menyerang kehormatan dan nama baik seseorang, sehingga merugikan orang tersebut. Namun, tidak semua perbuatan pengklainan dianggap sebagai Tindak Pidana.

Jika suatu perbuatan tidak lagi dianggap Tindak Pidana menurut aturan baru, maka tidak ada akibat yang diperlukan karena perbuatan tersebut tidak melanggar hukum. Saya tidak tahu (Saya tidak tahu)."
6,Apakah KUHP berlaku untuk tindak pidana yang dilakukan di wilayah Indonesia?,Pasal 4 huruf a,"Ya, KUHP berlaku bagi setiap orang yang melakukan tindak pidana di wilayah NKRI.","[Pasal 133]: Pasal 133 Ayat (1) Cukup jelas. Ayat(21 Ketentuan ini hanya berlaku untuk Tindak Pidana yang diancam dengan pidana tambahan berupa perampasan Barang dan/ atau tagihan. yat(3)... PRESIDEN REPUEUK INDONESIA Ayat (3) Meskipun Tindak Pidana yang dilakukan terlebih dahulu sudah gugur hak penuntutannya berdasarkan

[Pasal 192]: Pasal 192. . . aJaran asal 192 Tindak Pidana yang dilakukan dengan maksud agar sebagian atau seluruh wilayah negara jatuh kepada kekuasaan asing, merupakan ekstem (landwnaadl karena melibatkan negara asing. Tindak Pidana yang dilakukan dengan maksud untuk memisahkan sebagian wilayah negara merupakan pengkhianatan tftern (laogenud), karena tidak melibatkan negara asing, walaupun secara berangsur-angsur dapat juga melibatl<an kekuasaan asing.

[Pasal 302]: Pasal 302 (1) Setiap Orang yang Di Muka Umum menghasut dengan maksud agar seseorang menjadi tidak beragama atau berkepercayaan yang dianut di Indonesia, dipidana dengan pidana penjara paling lama 2 (dua) tahun atau pidana denda paling banyak kategori III. (21 Setiap Orang yang dengan Kekerasan atau Ancaman Kekerasan memaksa seseorang menjadi tidak beragama atau berkepercayaan atau berpindah agama atarr kepercayaan yang dianut di Indonesia, dipidana dengan pidana penjara palinglama 4 (empat) tahun atau pidana denda paling banyak kategori IV.","Dalam konteks dokumen, Pasal 133 tidak berbicara tentang kewajiban aplikasi Undang-Undang Hukum Pidana (KUHP) terhadap tindak pidana. Namun, berdasarkan Pasal 192, KUHP berlaku untuk tindak pidana yang melibatkan negara asing.

Jadi, jawaban saya adalah: Berdasarkan Pasal 192, KUHP tidak secara langsung berlaku untuk tindak pidana yang dilakukan di wilayah Indonesia. Namun, apabila tindak pidana tersebut melibatkan negara asing, maka KUHP akan berlaku."
7,Apakah tindak pidana siber yang akibatnya dirasakan di Indonesia dapat diproses di Indonesia?,Pasal 4 huruf c,"Ya, tindak pidana teknologi informasi yang akibatnya terjadi di Indonesia dapat diproses berdasarkan KUHP.","[Pasal 302]: Pasal 302 (1) Setiap Orang yang Di Muka Umum menghasut dengan maksud agar seseorang menjadi tidak beragama atau berkepercayaan yang dianut di Indonesia, dipidana dengan pidana penjara paling lama 2 (dua) tahun atau pidana denda paling banyak kategori III. (21 Setiap Orang yang dengan Kekerasan atau Ancaman Kekerasan memaksa seseorang menjadi tidak beragama atau berkepercayaan atau berpindah agama atarr kepercayaan yang dianut di Indonesia, dipidana dengan pidana penjara palinglama 4 (empat) tahun atau pidana denda paling banyak kategori IV.

[Pasal 560]: Pasal 560 merupakan Tindak Pidana internasional, berarti pelaku Tindak Pidana tersebut dapat dituntut di negara mErnapun pelaku ditemukan asal negara tersebut menganut asas universalitas. Dengan demikian tidak dipersoalkan kewarganegaraan pelaku, demikian juga loans delicti dan nasionalitas Kapal tersebut, karena Tindak Pidana tersebut dianggap mengganggu ketertiban dunia. Dalam hal ini Nakhoda atau pemimpin Ikpal itu sendiri tidak melakukan pembqiakan, tetapi hanya menyerahkan Kapal kepada bajak laut, untuk dipergunakan membajak. Meskipun merupakan Tindak Pidana yang berupa membantu, namun dijadikan Tindak Pidana tersendiri dengan pidana yang sama dengan Tindak Pidana pembajakan itu sendiri. Apabila yang menyerahkan bukan Nakhoda atau pemimpin Kapal akan dipidana dengan pidana lebih rendah. Ayatl2l Dalam ketentuan ini orang atau Barang tidak harus berada di atas IGpal tapi bisa juga berada di pantai.

[Pendahuluan_dan_Bab_Awal]: Menimbang FRESIDEN REPUBUK INDONESIA UNDANG-UNDANG REPUBLIK INDONESIA NOMOR 1 TAHUN 2023 TENTANG KITAB UNDANG-UNDANG HUKUM PIDANA DENGAN RAHMAT TUHAN YANG MAHA ESA , a bahwa untuk mewujudkan hukum pidana nasional Negara Kesatuan Republik Indonesia yang berdasarkan Pancasila dan Undang-Undang Dasar Negara Republik Indonesia Tahun 1945 serta asas hukum umum yang diakui masyarakat bangsa- bangsa, perlu disusun hukum pidana nasional untuk mengganti Kitab Undang-Undang Hukum Pidana warisan pemerintah kolonial Hindia Belanda; bahwa hukr:m pidana nasional tersebut harus disestraikan dengan politik hukum, keadaan, dan perkembangan kehidupan berrnasyarakat, berbangsa, dan bernegara yang bertujuan menghormati dan rnenjunjung tinggi hak asasi manusia, berdasarkan Ketuhanan Yang Maha Esa, kemanusiaan yang adil dan beradab, persatuan Indonesia, keralryatan yang dipimpin oleh hikmat kebijaksanaan dalam perrnusyawaratan/perwakilan, dan keadilan sosial bagi seluruh rakyat Indonesia; bahwa rnateri hukum pidana nasional juga harus mengatur keseimbangan antara kepentingan r-rmurn atau negara dan kepentingan individu, antara pelindunBan terhadap pelaku tindak pidana dan korban tindak pidana, antara unsur perbuatan dan sikap batin, antara kepastian hukum dan keadilan, ilntara hukunr tertuiis dan hukum yang hidup dalam masyarakat, 8rr[ara niiai nasional dan nilai univer'sal, scrta antarit hak a$asl lrranusia da.n llewajibarr usasi manusia; C b l A il. bahwa. PRESIDEN REI'UELIK TNDONESIA d bahs'a berdasarkan pertimbangan sebagairnana dimaksud dalam huruf a, huruf b, dan huruf c, perlu memberrtuk Undang-Undang tentang Kitab Undang- Undang Hukurn Pidana;","Berdasarkan Pasal 302, tidak ada klausa yang spesifik tentang tindak pidana siber. Namun, kita dapat melihat bahwa Pasal 302 hanya menentukan sanksi untuk orang yang menghasut agar seseorang menjadi tidak beragama atau berkepercayaan yang dianut di Indonesia.

Oleh karena itu, saya harus mengatakan ""Saya tidak tahu"" sebagai jawaban karena informasi tentang proses penanganan tindak pidana siber tidak tersedia dalam dokumen konteks."
8,Apakah orang di luar negeri bisa dipidana jika merugikan kepentingan Indonesia?,Pasal 5,"Bisa, jika tindak pidana tersebut berkaitan dengan kepentingan nasional Indonesia sebagaimana diatur Pasal 5.","[Pasal 302]: Pasal 302 (1) Setiap Orang yang Di Muka Umum menghasut dengan maksud agar seseorang menjadi tidak beragama atau berkepercayaan yang dianut di Indonesia, dipidana dengan pidana penjara paling lama 2 (dua) tahun atau pidana denda paling banyak kategori III. (21 Setiap Orang yang dengan Kekerasan atau Ancaman Kekerasan memaksa seseorang menjadi tidak beragama atau berkepercayaan atau berpindah agama atarr kepercayaan yang dianut di Indonesia, dipidana dengan pidana penjara palinglama 4 (empat) tahun atau pidana denda paling banyak kategori IV.

[Pasal 195]: Pasal 195 Ayat (1) Hurufa Ketentuan ini dimaksudkan untuk mencegah perbuatan yang dilakukan di luar negeri yang bermaksud mengguling!<an pemerintah. Malma ""menggulingkan pemerintah"" lihat penjelasan

[Pasal 198]: Pasal 198 Dalam ketentuan ini, yang menjadi subjek Tindak Pidana adalah Seriap Orang yang bertugas melakukan perundingan dengan negara asing atas nama Pemerintah Indonesia. Ini berarti yang bersangkutan mewakili Pemerintah Indonesia dan segala akibat dari perundingan tersebut menjadi tanggung jawab Pemerintah Indonesia. Oleh karena itu, berdasarkan ketentuan ini, orang tersebut dilarang bertindak merugikan pertahanan negara.","Berdasarkan Pasal 195, yang dimaksudkan untuk mencegah perbuatan yang dilakukan di luar negeri yang bermaksud menggulingkan pemerintah, saya tidak menemukan informasi yang spesifik tentang apakah orang di luar negeri bisa dipidana jika merugikan kepentingan Indonesia.

Namun, Pasal 302 mengatur tentang penghasutan dan memaksa orang menjadi tidak beragama atau berkepercayaan dengan kekerasan atau ancaman kekerasan. Jika perbuatan tersebut dilakukan di luar negeri, maka saya tidak tahu apakah Pasal 302 masih berlaku ataukah terdapat ketentuan lain yang lebih spesifik.

Dalam hal ini, informasi tidak tersedia di konteks, sehingga saya tidak dapat memberikan jawaban yang jelas."
9,Apakah Indonesia dapat menindak pelaku tindak pidana internasional di luar negeri?,Pasal 6,"Ya, KUHP berlaku bagi tindak pidana internasional yang telah ditetapkan dalam undang-undang.","[Pasal 9]: Pasal 9 Cukup jelas. Ketentuan ini mengandr:ng asas universal yang melindungi kepentingan hukum Indonesia dan/atau kepentingan hukum negara lain. Landasan pengaturan asas ini terdapat dalam konvensi intemasional yang telah disahkan oleh Indonesia, misaleya: a. konvensi internasional mengenai uang palsu; b. konvensi internasional mengenai laut bebas dan hukum laut yang di dalamnya mengatur Tindak Pidana pembajakan laut; c. konvensi internasional mengenai kejahatan penerbangan dan kejahatan terhadap sarana atau prasarana penerbangan; atau d. konvensi intemasional mengenai pemberantasan peredaran gelap narkotika dan psikotropika. Ketentuan ini dimaksudkan unhrk mengantisipasi perkembangan adanya perjanjian antara Indonesia dan negara lain yang warga negara dari negara lain tersebut penuntutannya diambil alih dan diadili oleh Indonesia karena melakukan Tindak Pidana tertentu yang diatur dalam pe{anjian tersebut.

[Pendahuluan_dan_Bab_Awal]: Menimbang FRESIDEN REPUBUK INDONESIA UNDANG-UNDANG REPUBLIK INDONESIA NOMOR 1 TAHUN 2023 TENTANG KITAB UNDANG-UNDANG HUKUM PIDANA DENGAN RAHMAT TUHAN YANG MAHA ESA , a bahwa untuk mewujudkan hukum pidana nasional Negara Kesatuan Republik Indonesia yang berdasarkan Pancasila dan Undang-Undang Dasar Negara Republik Indonesia Tahun 1945 serta asas hukum umum yang diakui masyarakat bangsa- bangsa, perlu disusun hukum pidana nasional untuk mengganti Kitab Undang-Undang Hukum Pidana warisan pemerintah kolonial Hindia Belanda; bahwa hukr:m pidana nasional tersebut harus disestraikan dengan politik hukum, keadaan, dan perkembangan kehidupan berrnasyarakat, berbangsa, dan bernegara yang bertujuan menghormati dan rnenjunjung tinggi hak asasi manusia, berdasarkan Ketuhanan Yang Maha Esa, kemanusiaan yang adil dan beradab, persatuan Indonesia, keralryatan yang dipimpin oleh hikmat kebijaksanaan dalam perrnusyawaratan/perwakilan, dan keadilan sosial bagi seluruh rakyat Indonesia; bahwa rnateri hukum pidana nasional juga harus mengatur keseimbangan antara kepentingan r-rmurn atau negara dan kepentingan individu, antara pelindunBan terhadap pelaku tindak pidana dan korban tindak pidana, antara unsur perbuatan dan sikap batin, antara kepastian hukum dan keadilan, ilntara hukunr tertuiis dan hukum yang hidup dalam masyarakat, 8rr[ara niiai nasional dan nilai univer'sal, scrta antarit hak a$asl lrranusia da.n llewajibarr usasi manusia; C b l A il. bahwa. PRESIDEN REI'UELIK TNDONESIA d bahs'a berdasarkan pertimbangan sebagairnana dimaksud dalam huruf a, huruf b, dan huruf c, perlu memberrtuk Undang-Undang tentang Kitab Undang- Undang Hukurn Pidana;

[Pasal 24]: Pasal 24 (1) Dalam hal tertentu, pelaku Tindak Pidana hanya dapat dituntut atas dasar pengaduan. (21 Tindak Pidana aduan harus ditentukan secara tegas dalam Undang-Undang.","Dalam konteks Pasal 9, yang mengatur tentang ketentuan universal yang melindungi kepentingan hukum Indonesia dan/atau kepentingan hukum negara lain, saya dapat menjawab bahwa:

""Ya, Indonesia dapat menindak pelaku tindak pidana internasional di luar negeri. Pasal 9 ini mengatur tentang ketentuan universal yang melindungi kepentingan hukum Indonesia dan/atau kepentingan hukum negara lain, termasuk konvensi internasional yang telah disahkan oleh Indonesia. Sebagai contoh, konvensi internasional mengenai uang palsu, laut bebas dan hukum laut, kejahatan penerbangan, atau pemberantasan peredaran gelap narkotika dan psikotropika dapat dijadikan landasan pengaturan asas untuk menindak pelaku tindak pidana internasional. Oleh karena itu, dalam hal tertentu, pelaku tindak pidana hanya dapat dituntut atas dasar pengaduan, seperti yang diatur dalam Pasal 24 (1) Undang-Undang tentang Kitab Undang-Undang Hukum Pidana.""

Basis: Pasal 9 dan Pasal 24 (1) Undang-Undang tentang Kitab Undang-Undang Hukum Pidana."
10,Apakah WNI yang melakukan tindak pidana di luar negeri tetap bisa dipidana di Indonesia?,Pasal 8 ayat (1),"Ya, WNI yang melakukan tindak pidana di luar negeri dapat diproses menurut KUHP.","[Pasal 302]: Pasal 302 (1) Setiap Orang yang Di Muka Umum menghasut dengan maksud agar seseorang menjadi tidak beragama atau berkepercayaan yang dianut di Indonesia, dipidana dengan pidana penjara paling lama 2 (dua) tahun atau pidana denda paling banyak kategori III. (21 Setiap Orang yang dengan Kekerasan atau Ancaman Kekerasan memaksa seseorang menjadi tidak beragama atau berkepercayaan atau berpindah agama atarr kepercayaan yang dianut di Indonesia, dipidana dengan pidana penjara palinglama 4 (empat) tahun atau pidana denda paling banyak kategori IV.

[Pasal 195]: Pasal 195 Ayat (1) Hurufa Ketentuan ini dimaksudkan untuk mencegah perbuatan yang dilakukan di luar negeri yang bermaksud mengguling!<an pemerintah. Malma ""menggulingkan pemerintah"" lihat penjelasan

[Pendahuluan_dan_Bab_Awal]: Menimbang FRESIDEN REPUBUK INDONESIA UNDANG-UNDANG REPUBLIK INDONESIA NOMOR 1 TAHUN 2023 TENTANG KITAB UNDANG-UNDANG HUKUM PIDANA DENGAN RAHMAT TUHAN YANG MAHA ESA , a bahwa untuk mewujudkan hukum pidana nasional Negara Kesatuan Republik Indonesia yang berdasarkan Pancasila dan Undang-Undang Dasar Negara Republik Indonesia Tahun 1945 serta asas hukum umum yang diakui masyarakat bangsa- bangsa, perlu disusun hukum pidana nasional untuk mengganti Kitab Undang-Undang Hukum Pidana warisan pemerintah kolonial Hindia Belanda; bahwa hukr:m pidana nasional tersebut harus disestraikan dengan politik hukum, keadaan, dan perkembangan kehidupan berrnasyarakat, berbangsa, dan bernegara yang bertujuan menghormati dan rnenjunjung tinggi hak asasi manusia, berdasarkan Ketuhanan Yang Maha Esa, kemanusiaan yang adil dan beradab, persatuan Indonesia, keralryatan yang dipimpin oleh hikmat kebijaksanaan dalam perrnusyawaratan/perwakilan, dan keadilan sosial bagi seluruh rakyat Indonesia; bahwa rnateri hukum pidana nasional juga harus mengatur keseimbangan antara kepentingan r-rmurn atau negara dan kepentingan individu, antara pelindunBan terhadap pelaku tindak pidana dan korban tindak pidana, antara unsur perbuatan dan sikap batin, antara kepastian hukum dan keadilan, ilntara hukunr tertuiis dan hukum yang hidup dalam masyarakat, 8rr[ara niiai nasional dan nilai univer'sal, scrta antarit hak a$asl lrranusia da.n llewajibarr usasi manusia; C b l A il. bahwa. PRESIDEN REI'UELIK TNDONESIA d bahs'a berdasarkan pertimbangan sebagairnana dimaksud dalam huruf a, huruf b, dan huruf c, perlu memberrtuk Undang-Undang tentang Kitab Undang- Undang Hukurn Pidana;","Berdasarkan Pasal 302, tidak adaaturan yang spesifik tentang pidana terhadap WNI yang melakukan tindak pidana di luar negeri. Namun, berdasarkan Pasal 195 Ayat (1), Kitab Undang-Undang Hukum Pidana Republik Indonesia Nomor 1 Tahun 2023 Tentang Kitab Undang-Undang Hukum Pidana dengan Rahmat Tuhan Yang Maha Esa tidak memilikiaturan yang spesifik tentang pidana terhadap perbuatan yang dilakukan di luar negeri.

Oleh karena itu, jawaban saya adalah: Saya tidak tahu. Informasi tidak tersedia di konteks."
11,Apakah WNI yang melakukan tindak pidana di luar negeri bisa dijatuhi pidana mati jika negara setempat tidak mengenal pidana mati?,Pasal 8 ayat (5),Tidak dapat dijatuhi pidana mati jika hukum negara tempat kejadian tidak mengancam pidana mati.,"[Pasal 560]: Pasal 560 merupakan Tindak Pidana internasional, berarti pelaku Tindak Pidana tersebut dapat dituntut di negara mErnapun pelaku ditemukan asal negara tersebut menganut asas universalitas. Dengan demikian tidak dipersoalkan kewarganegaraan pelaku, demikian juga loans delicti dan nasionalitas Kapal tersebut, karena Tindak Pidana tersebut dianggap mengganggu ketertiban dunia. Dalam hal ini Nakhoda atau pemimpin Ikpal itu sendiri tidak melakukan pembqiakan, tetapi hanya menyerahkan Kapal kepada bajak laut, untuk dipergunakan membajak. Meskipun merupakan Tindak Pidana yang berupa membantu, namun dijadikan Tindak Pidana tersendiri dengan pidana yang sama dengan Tindak Pidana pembajakan itu sendiri. Apabila yang menyerahkan bukan Nakhoda atau pemimpin Kapal akan dipidana dengan pidana lebih rendah. Ayatl2l Dalam ketentuan ini orang atau Barang tidak harus berada di atas IGpal tapi bisa juga berada di pantai.

[Pasal 67]: Pasal 67 Dalam ketentuan ini, Tindak Pidana yang dapat diancam dengan pidana yang bersifat khusus adalah Tindak Pidana yang sangat serius atau yang luar biasa, antara lain, Tindak Pidana narkotika, Tindak Pidana terorisme, Tindak Pidana korupsi, dan Tindak Pidana berat terhadap hak asasi manusia. Untuk itu, pidana mati dicantumkan dalam bagian tersendiri untuk menunjukkan bahwa jenis pidana ini benar-benar bersifat khusus. Jika dibandingkan dengan jenis pidana yang lain, pidana mati merupakan jenis pidana yang paling berat. Oleh karena itu, harus selalu diancamkan secara alternatif dengan jenis pidana lainnya yakni pidana penjara seulnur hidup atau pidana penjara paling lama 20 (dua puluh) tahun.

[Pasal 98]: Pasal 98 Pidana mati tidak terdapat dalam stelsel pidana pokok. Pidana mati ditentukan dalam pasal tersendiri unhrk menunjukkan bahwa jenis pidana ini benar-benar bersiliat khusus sebagai upa.ya terakhir untuk mengayomi masyarakat. Pidana mati adalah pidana yang paling berat dan harus selalu diancamkan secara altematif dengan pidana penjara serunur hidup atau pidana FRESIDEN REPUBUK INDONESIA pidana penjara paling lama 20 (dua puluh) tahun. Pidana mati dijatuhkan dengan masa percobaan, sehingga dalam tenggang waktu masa percobaan tersebut terpidana diharapkan dapat memperbaiki diri sehingga pidana mati tidak perlu dilaksanalan, dan dapat diganti dengan pidana penjara seumur hidup.","Dalam Pasal 560, Tindak Pidana internasional dapat dituntut di negara mana pun, termasuk pelaku yang bukan WNI. Namun, dalam hal ini, tidak dipersoalkan kewarganegaraan pelaku.

Menurut Pasal 67, pidana mati diancamkan untuk Tindak Pidana yang sangat serius atau luar biasa. Pidana mati juga harus selalu diancamkan secara alternatif dengan pidana penjara seumur hidup atau pidana penjara paling lama 20 tahun.

Dalam Pasal 98, pidana mati tidak terdapat dalam stelsel pidana pokok dan hanya ditentukan dalam pasal tersendiri sebagai upaya terakhir untuk mengayomi masyarakat. Pidana mati adalah pidana yang paling berat dan harus selalu diancamkan secara alternatif dengan pidana penjara seumur hidup atau pidana penjara paling lama 20 tahun.

Dengan demikian, menurut Pasal 560, pelaku Tindak Pidana internasional dapat dituntut di negara mana pun, termasuk WNI yang melakukan tindak pidana di luar negeri. Namun, apakah pelaku tersebut dapat dijatuhi pidana mati tergantung pada ketentuan pasal 67 dan 98.

Jawaban saya: Saya tidak tahu."
12,Kapan waktu tindak pidana dianggap terjadi?,Pasal 10,Waktu tindak pidana adalah saat dilakukannya perbuatan yang dapat dipidana.,"[Pasal 137]: Pasal 137 Huruf a Cukup jelas. Hurufb Sesuai dengan sifat Tindak Pidana yang ada keberlangsungan, maka selesainya Tindak Pidana yang dimaksud dalam ketentuan ini adalah pada waktu Korban yang dilarikan, diculik, atau dirampa.s kemerdekaannya, dilepaskan. Apabila Korban sampai dibunuh maka waktu gugumya penuntutan, dihitung mulai hari berikutnya dari waktu matinya Korban.

[Pasal 491]: Pasal 491 Cukup jelas. Ketentuan ini mengatur Tindak Pidana penggelapan. Pada Tindak Pidana penggelapan, Barang yang bersangkutan sudah dikuasai secara nyata oleh pelaku Tindak Pidana. Hal ini berbeda dengan pencurian di mana Barang tersebut belum berada di tangan pelaku Tindak Pidana. Saat timbulnya niat untuk memiliki Barang tersebut secara melawan hukum, juga menentukan perbedaan antara penggelapan dan pencurian. Apabila niat memiliki sudah ada pada waktu Barang tersebut diambil, maka perbuatan tersebut merupakan Tindak Pidana pencurian, sedang pada penggelapan, niat memiliki tersebut baru ada setelah Barang yang bersangkutan untuk beberapa waktu sudah berada di tangan pelaku. Unsur Tindak Pidana penggelapan lainnya adalah bahwa pelaku menguasai Barang yang hendak dimiliki tersebut bukan karena Tindak Pidana, misalnya suatu Barang yang berada dalam penguasaan pelaku Tindak Pidana sebagai jaminan utang piutang yang kemudian dijual tanpa izin pemililoeya. Dalam ketentuan ini, penyerahan Barang karena terpaksa, misalnya pada walrhr terjadi bencana alam seperti kebakaran, banjir, gempa. bumi, dan lain- lain, Barang tersebut diserahkan untuk diselamatkan atau karena tidak mampu mengurus sendiri Barang tersebut, sehingga perlu diserahkan kepa.da pihak lain. l,148A PasaJ492.. . FRESIDEN REI'UELIK INOONESIA

[Pasal 136]: Pasal 136 Ayat (1) Ketentuan liedaluwarsa dalam ketentuan ini dimaksudkan untuk memberi kepastian hukum terhadap status Tindak Pidana yang dilakukan. Hal ini dikarcnalan dengan lewatnya jangka waktu tersebut pada umumnya sulit untuk menentukan alat-alat bukti. Penentuan tenggang watrrhr kedaluwarsa disesuaikan dengan berat ringannya Tindak Pidana yang dilakukan. Bagi Tindak Pidana yang lebih berat, tenggang waktu kedaluwarsa lebih lama daripada tenggang waktu bagi Tindak Pidana yang lebih ringan. Ayat (2) Ketentuan pada ayat ini disesuaikan dengan prinsip dalam hukum pidana yang memperlakukan secara khusus bagi Anak. Oleh karena itu, tenggang waktu kedaluwarsa terhadap Tindak Pidana yang dilakukan Anak lebih singkat daripada Tindak Pidana yang dilakukan orang dewasa.","Menurut Pasal 137, selesainya Tindak Pidana yang dimaksud dalam ketentuan ini adalah pada waktu Korban yang dilarikan, diculik, atau dirampas kemerdekaannya, dilepaskan. Apabila Korban sampai dibunuh maka waktu gugur penuntutan, dihitung mulai hari berikutnya dari waktu matinya Korban.

Jadi, dalam kasus ini, waktu Tindak Pidana dianggap terjadi pada saat Korban dilarikan, diculik, atau dirampas kemerdekaannya, dilepaskan."
13,Di mana tempat tindak pidana dianggap terjadi?,Pasal 11,Tempat tindak pidana adalah tempat dilakukannya perbuatan yang dapat dipidana.,"[Pasal 491]: Pasal 491 Cukup jelas. Ketentuan ini mengatur Tindak Pidana penggelapan. Pada Tindak Pidana penggelapan, Barang yang bersangkutan sudah dikuasai secara nyata oleh pelaku Tindak Pidana. Hal ini berbeda dengan pencurian di mana Barang tersebut belum berada di tangan pelaku Tindak Pidana. Saat timbulnya niat untuk memiliki Barang tersebut secara melawan hukum, juga menentukan perbedaan antara penggelapan dan pencurian. Apabila niat memiliki sudah ada pada waktu Barang tersebut diambil, maka perbuatan tersebut merupakan Tindak Pidana pencurian, sedang pada penggelapan, niat memiliki tersebut baru ada setelah Barang yang bersangkutan untuk beberapa waktu sudah berada di tangan pelaku. Unsur Tindak Pidana penggelapan lainnya adalah bahwa pelaku menguasai Barang yang hendak dimiliki tersebut bukan karena Tindak Pidana, misalnya suatu Barang yang berada dalam penguasaan pelaku Tindak Pidana sebagai jaminan utang piutang yang kemudian dijual tanpa izin pemililoeya. Dalam ketentuan ini, penyerahan Barang karena terpaksa, misalnya pada walrhr terjadi bencana alam seperti kebakaran, banjir, gempa. bumi, dan lain- lain, Barang tersebut diserahkan untuk diselamatkan atau karena tidak mampu mengurus sendiri Barang tersebut, sehingga perlu diserahkan kepa.da pihak lain. l,148A PasaJ492.. . FRESIDEN REI'UELIK INOONESIA

[Pasal 11]: Pasal 11 Tempat Tindak Pidana dalam ketentuan ini, misalnya: a. tempat perbuatan {isik dilakukan; b. tempat bekerjanya alat atau bahan untuk menyempurnakan Tindak Pidana; atau c. tempat terjadinya akibat dari perbuatan yang dapat dipidana.

[Pasal 76]: Pasal 76 Ayat (1) Penjatutran pidana pengawasan terhadap orang yang melakukan Tindak Pidana yang diancam dengan pidana penjara, sepenuhnya terletak pada pertimbangan hakim, dengan memperhatikan keadaan dan perbuatan terpidana. Jenis pidana ini dijatuhkan kepada orang yang pertama kali melakukan Tindak Pidana. Ayat(2) Cukup jelas. Ayat (3) Cukup jelas. Ayat (4) Yang dimaksud dengan ""terpidana"" adalah klien pemasyarakatan. Yang dimaksud dengan 'menjalani pidana penjara yang lamanya tidak lebih dari ancannan pidana penjara bagi Tindak Pidana itu"" adalah menjalani pidana yang pelaksanaannya dijalankan setelah terpidana selesai menjalani pidana penjara dari Tindak Pidana baru. Ayat (5) Cukup jelas. Ayat (6) Cukup jelas. Ayat(71 Cukup jelas. PaseJ77 Cukup jelas.","Menurut Pasal 11, tempat Tindak Pidana dianggap terjadi pada:

a. Tempat perbuatan tersebut dilakukan
b. Tempat bekerjanya alat atau bahan untuk menyempurnakan Tindak Pidana
c. Tempat terjadinya akibat dari perbuatan yang dapat dipidana

Dengan demikian, tempat tindak pidana penggelapan dianggap terjadi pada salah satu dari ketiga tempat tersebut."
14,Apa definisi tindak pidana menurut KUHP baru?,Pasal 12 ayat (1),Tindak pidana adalah perbuatan yang diancam pidana dan/atau tindakan oleh peraturan perundang-undangan.,"[Pasal 67]: Pasal 67 Dalam ketentuan ini, Tindak Pidana yang dapat diancam dengan pidana yang bersifat khusus adalah Tindak Pidana yang sangat serius atau yang luar biasa, antara lain, Tindak Pidana narkotika, Tindak Pidana terorisme, Tindak Pidana korupsi, dan Tindak Pidana berat terhadap hak asasi manusia. Untuk itu, pidana mati dicantumkan dalam bagian tersendiri untuk menunjukkan bahwa jenis pidana ini benar-benar bersifat khusus. Jika dibandingkan dengan jenis pidana yang lain, pidana mati merupakan jenis pidana yang paling berat. Oleh karena itu, harus selalu diancamkan secara alternatif dengan jenis pidana lainnya yakni pidana penjara seulnur hidup atau pidana penjara paling lama 20 (dua puluh) tahun.

[Pasal 248]: Pasal 248 Ayat (1) Ketentuan ini mengahrr mengenai penggerakan yang gagal. Menurut pasal ini, orang yang menggerakkan sudah dapat dipidana, walaupun orang yang digerakkan itu belum melakukan Tindak Pidana atau percobaan yang danat dipidana. Penggerakan ini harus menggunakan sarana yang ditentukan dalam

[Pasal 76]: Pasal 76 Ayat (1) Penjatutran pidana pengawasan terhadap orang yang melakukan Tindak Pidana yang diancam dengan pidana penjara, sepenuhnya terletak pada pertimbangan hakim, dengan memperhatikan keadaan dan perbuatan terpidana. Jenis pidana ini dijatuhkan kepada orang yang pertama kali melakukan Tindak Pidana. Ayat(2) Cukup jelas. Ayat (3) Cukup jelas. Ayat (4) Yang dimaksud dengan ""terpidana"" adalah klien pemasyarakatan. Yang dimaksud dengan 'menjalani pidana penjara yang lamanya tidak lebih dari ancannan pidana penjara bagi Tindak Pidana itu"" adalah menjalani pidana yang pelaksanaannya dijalankan setelah terpidana selesai menjalani pidana penjara dari Tindak Pidana baru. Ayat (5) Cukup jelas. Ayat (6) Cukup jelas. Ayat(71 Cukup jelas. PaseJ77 Cukup jelas.","Saya tidak menjawab pertanyaan Anda karena definisi tindak pidana tidak ditemukan dalam dokumen konteks yang diberikan. Namun, berdasarkan Pasal 67, kita dapat mengerti bahwa Tindak Pidana yang dapat diancam dengan pidana yang bersifat khusus adalah Tindak Pidana yang sangat serius atau luar biasa, antara lain Tindak Pidana narkotika, terorisme, korupsi, dan berat terhadap hak asasi manusia.

Namun, definisi Tindak Pidana secara umum tidak ditemukan dalam dokumen konteks yang diberikan. Oleh karena itu, saya hanya dapat menjawab bahwa informasi tentang definisi tindak pidana tidak tersedia di dalam dokumen konteks ini."
15,Kapan permufakatan jahat dianggap terjadi?,Pasal 13 ayat (1),Permufakatan jahat terjadi jika dua orang atau lebih sepakat melakukan tindak pidana.,"[Pasal 13]: Pasal 13 Ayat (1) Permufakatan jahat untuk melakukan Tindak Pidana hanya dlfatutri pidana terhadap Tindak Pidana yang sangat serius. Ayat (2) Cukup jelas. Ayat (3) Cukup jelas. Ayat (4) Cukup jelas. Ayat (s) Cukup jelas.

[Pasal 491]: Pasal 491 Cukup jelas. Ketentuan ini mengatur Tindak Pidana penggelapan. Pada Tindak Pidana penggelapan, Barang yang bersangkutan sudah dikuasai secara nyata oleh pelaku Tindak Pidana. Hal ini berbeda dengan pencurian di mana Barang tersebut belum berada di tangan pelaku Tindak Pidana. Saat timbulnya niat untuk memiliki Barang tersebut secara melawan hukum, juga menentukan perbedaan antara penggelapan dan pencurian. Apabila niat memiliki sudah ada pada waktu Barang tersebut diambil, maka perbuatan tersebut merupakan Tindak Pidana pencurian, sedang pada penggelapan, niat memiliki tersebut baru ada setelah Barang yang bersangkutan untuk beberapa waktu sudah berada di tangan pelaku. Unsur Tindak Pidana penggelapan lainnya adalah bahwa pelaku menguasai Barang yang hendak dimiliki tersebut bukan karena Tindak Pidana, misalnya suatu Barang yang berada dalam penguasaan pelaku Tindak Pidana sebagai jaminan utang piutang yang kemudian dijual tanpa izin pemililoeya. Dalam ketentuan ini, penyerahan Barang karena terpaksa, misalnya pada walrhr terjadi bencana alam seperti kebakaran, banjir, gempa. bumi, dan lain- lain, Barang tersebut diserahkan untuk diselamatkan atau karena tidak mampu mengurus sendiri Barang tersebut, sehingga perlu diserahkan kepa.da pihak lain. l,148A PasaJ492.. . FRESIDEN REI'UELIK INOONESIA

[Pasal 287]: Pasal 287 Dalam ketentuan ini, tidak memenuhi perintah Pejabat yang berwenang unhrk menyerahkan Surat yang dianggap pa.lsu atau dipalsukan, sedangkan Surat tersebut diperlukan dalam proses peradilan untuk alat pembuktian, baik perkara pidana maupun perkara perdata, dianggap sebagai perbuatan yang mengganggu penyelenggaraan peradilan.","Berdasarkan Pasal 13 Ayat (1) Dokumen Konteks, Permufakatan jahat dianggap terjadi jika melakukan Tindak Pidana yang sangat serius. Dasar hukum: Pasal 13 Ayat (1) Dokumen Konteks."
16,Apakah pelaku permufakatan jahat tetap dipidana jika menarik diri dari rencana?,Pasal 14,Tidak dipidana jika menarik diri atau mencegah terjadinya tindak pidana.,"[Pasal 548]: Pasal 548 Yang dimaksud dengan ""mengambil alih atau menarik Kapal dari pemiliknya"" adalah mengambil l{apal dari kekuasaan pemiliknya secara tidak sah, misalnya dengan melarikan I(apal tersebut dan mempergunakannya untuk kepentingan diri sendiri.

[Pasal 491]: Pasal 491 Cukup jelas. Ketentuan ini mengatur Tindak Pidana penggelapan. Pada Tindak Pidana penggelapan, Barang yang bersangkutan sudah dikuasai secara nyata oleh pelaku Tindak Pidana. Hal ini berbeda dengan pencurian di mana Barang tersebut belum berada di tangan pelaku Tindak Pidana. Saat timbulnya niat untuk memiliki Barang tersebut secara melawan hukum, juga menentukan perbedaan antara penggelapan dan pencurian. Apabila niat memiliki sudah ada pada waktu Barang tersebut diambil, maka perbuatan tersebut merupakan Tindak Pidana pencurian, sedang pada penggelapan, niat memiliki tersebut baru ada setelah Barang yang bersangkutan untuk beberapa waktu sudah berada di tangan pelaku. Unsur Tindak Pidana penggelapan lainnya adalah bahwa pelaku menguasai Barang yang hendak dimiliki tersebut bukan karena Tindak Pidana, misalnya suatu Barang yang berada dalam penguasaan pelaku Tindak Pidana sebagai jaminan utang piutang yang kemudian dijual tanpa izin pemililoeya. Dalam ketentuan ini, penyerahan Barang karena terpaksa, misalnya pada walrhr terjadi bencana alam seperti kebakaran, banjir, gempa. bumi, dan lain- lain, Barang tersebut diserahkan untuk diselamatkan atau karena tidak mampu mengurus sendiri Barang tersebut, sehingga perlu diserahkan kepa.da pihak lain. l,148A PasaJ492.. . FRESIDEN REI'UELIK INOONESIA

[Pasal 13]: Pasal 13 Ayat (1) Permufakatan jahat untuk melakukan Tindak Pidana hanya dlfatutri pidana terhadap Tindak Pidana yang sangat serius. Ayat (2) Cukup jelas. Ayat (3) Cukup jelas. Ayat (4) Cukup jelas. Ayat (s) Cukup jelas.","Menurut Pasal 13 Ayat (1), Permufakatan jahat untuk melakukan Tindak Pidana hanya diperlakukan pidana terhadap Tindak Pidana yang sangat serius. Oleh karena itu, jika pelaku permufakatan jahat menarik diri dari rencana, maka tidak ada dasar hukum yang memungkinkan pelaku tersebut dipidana karena hanya memiliki niat tanpa dilakukan tindak pidana. Sebaliknya, pelaku tersebut dapat dianggap sebagai saksi dalam penyelesaian kasus dan diperlakukan sesuai dengan ketentuan hukum yang berlaku.

Dasar: Pasal 13 Ayat (1) KUHAP."
17,Apa yang dimaksud persiapan melakukan tindak pidana?,Pasal 15 ayat (1),"Persiapan adalah tindakan menyiapkan sarana, informasi, atau kondisi untuk melakukan tindak pidana.","[Pasal 76]: Pasal 76 Ayat (1) Penjatutran pidana pengawasan terhadap orang yang melakukan Tindak Pidana yang diancam dengan pidana penjara, sepenuhnya terletak pada pertimbangan hakim, dengan memperhatikan keadaan dan perbuatan terpidana. Jenis pidana ini dijatuhkan kepada orang yang pertama kali melakukan Tindak Pidana. Ayat(2) Cukup jelas. Ayat (3) Cukup jelas. Ayat (4) Yang dimaksud dengan ""terpidana"" adalah klien pemasyarakatan. Yang dimaksud dengan 'menjalani pidana penjara yang lamanya tidak lebih dari ancannan pidana penjara bagi Tindak Pidana itu"" adalah menjalani pidana yang pelaksanaannya dijalankan setelah terpidana selesai menjalani pidana penjara dari Tindak Pidana baru. Ayat (5) Cukup jelas. Ayat (6) Cukup jelas. Ayat(71 Cukup jelas. PaseJ77 Cukup jelas.

[Pasal 15]: Pasal 15. . . asal 15 Ayat (l) Yang dimaksud dengan ""sarana"" adalah segala sesuatu yang dapat dipakai sebagai alat dalam mencapai tujuan. Persiapan melakukan Tindak Pidana hanya diljatuhi pidana bagi Tindak Pidana yang sangat serius. Dengan demikian, kriteria persiapan melakukan Tindak Pidana ditekankan pada sifat bahayanya Tindak Pidana, misalnya mengimpor bahan kimia atau bahan peledak untuk persiapan melakukan Tindak Pidana. Ayat (2) Cukup jelas. Ayat (3) Cukup jelas. Ayat (4) Cukup jelas. Ayat (s) Cukup jelas.

[Pasal 592]: Pasal 592 Orang yang secara berulang-ulang melakukan Tindak Pidana s6lagaim614 dimaksud dalam","Menurut Pasal 15 Ayat (1) Undang-Undang, yang dimaksud dengan ""persiapan melakukan Tindak Pidana"" adalah segala sesuatu yang dapat dipakai sebagai alat dalam mencapai tujuan, namun hanya dilakukan pidana bagi Tindak Pidana yang sangat serius. (Dasar: Pasal 15 Ayat (1))"
18,Apakah persiapan tindak pidana tetap dipidana jika pelaku menghentikan rencananya?,Pasal 16,Tidak dipidana jika pelaku menghentikan atau mencegah terciptanya kondisi tindak pidana.,"[Pasal 591]: Pasal 591 tidak perlu dibuktikan bahwa pelaku Tindak Pidana melakukan Tindak Pidana ini untuk mengejar keuntungan. Dikategorikan ""menjadikan kebiasaan"" karena perbuatan tersebut dilakukan secara bemlang-ulang meskipun jangka walrhrnya agak lama.

[Pasal 15]: Pasal 15. . . asal 15 Ayat (l) Yang dimaksud dengan ""sarana"" adalah segala sesuatu yang dapat dipakai sebagai alat dalam mencapai tujuan. Persiapan melakukan Tindak Pidana hanya diljatuhi pidana bagi Tindak Pidana yang sangat serius. Dengan demikian, kriteria persiapan melakukan Tindak Pidana ditekankan pada sifat bahayanya Tindak Pidana, misalnya mengimpor bahan kimia atau bahan peledak untuk persiapan melakukan Tindak Pidana. Ayat (2) Cukup jelas. Ayat (3) Cukup jelas. Ayat (4) Cukup jelas. Ayat (s) Cukup jelas.

[Pasal 491]: Pasal 491 Cukup jelas. Ketentuan ini mengatur Tindak Pidana penggelapan. Pada Tindak Pidana penggelapan, Barang yang bersangkutan sudah dikuasai secara nyata oleh pelaku Tindak Pidana. Hal ini berbeda dengan pencurian di mana Barang tersebut belum berada di tangan pelaku Tindak Pidana. Saat timbulnya niat untuk memiliki Barang tersebut secara melawan hukum, juga menentukan perbedaan antara penggelapan dan pencurian. Apabila niat memiliki sudah ada pada waktu Barang tersebut diambil, maka perbuatan tersebut merupakan Tindak Pidana pencurian, sedang pada penggelapan, niat memiliki tersebut baru ada setelah Barang yang bersangkutan untuk beberapa waktu sudah berada di tangan pelaku. Unsur Tindak Pidana penggelapan lainnya adalah bahwa pelaku menguasai Barang yang hendak dimiliki tersebut bukan karena Tindak Pidana, misalnya suatu Barang yang berada dalam penguasaan pelaku Tindak Pidana sebagai jaminan utang piutang yang kemudian dijual tanpa izin pemililoeya. Dalam ketentuan ini, penyerahan Barang karena terpaksa, misalnya pada walrhr terjadi bencana alam seperti kebakaran, banjir, gempa. bumi, dan lain- lain, Barang tersebut diserahkan untuk diselamatkan atau karena tidak mampu mengurus sendiri Barang tersebut, sehingga perlu diserahkan kepa.da pihak lain. l,148A PasaJ492.. . FRESIDEN REI'UELIK INOONESIA","Menurut Pasal 15 Ayat (1) Kitab Undang-Undang Hukum Pidana, ""sarana"" adalah segala sesuatu yang dapat dipakai sebagai alat dalam mencapai tujuan. Persiapan melakukan Tindak Pidana hanya dilarang bagi Tindak Pidana yang sangat serius. Kriteria persiapan melakukan Tindak Pidana ditekankan pada sifat bahayanya Tindak Pidana, misalnya mengimpor bahan kimia atau bahan peledak untuk persiapan melakukan Tindak Pidana.

Dalam hal ini, tidak jelas apakah pelaku telah melakukan persiapan melakukan Tindak Pidana yang sangat serius. Oleh karena itu, jawaban saya adalah: Saya tidak tahu."
19,Apakah percobaan tindak pidana dapat dipidana?,Pasal 17 ayat (1),"Ya, percobaan tindak pidana dapat dipidana jika sudah ada permulaan pelaksanaan.","[Pasal 24]: Pasal 24 (1) Dalam hal tertentu, pelaku Tindak Pidana hanya dapat dituntut atas dasar pengaduan. (21 Tindak Pidana aduan harus ditentukan secara tegas dalam Undang-Undang.

[Pasal 67]: Pasal 67 Dalam ketentuan ini, Tindak Pidana yang dapat diancam dengan pidana yang bersifat khusus adalah Tindak Pidana yang sangat serius atau yang luar biasa, antara lain, Tindak Pidana narkotika, Tindak Pidana terorisme, Tindak Pidana korupsi, dan Tindak Pidana berat terhadap hak asasi manusia. Untuk itu, pidana mati dicantumkan dalam bagian tersendiri untuk menunjukkan bahwa jenis pidana ini benar-benar bersifat khusus. Jika dibandingkan dengan jenis pidana yang lain, pidana mati merupakan jenis pidana yang paling berat. Oleh karena itu, harus selalu diancamkan secara alternatif dengan jenis pidana lainnya yakni pidana penjara seulnur hidup atau pidana penjara paling lama 20 (dua puluh) tahun.

[Pasal 248]: Pasal 248 Ayat (1) Ketentuan ini mengahrr mengenai penggerakan yang gagal. Menurut pasal ini, orang yang menggerakkan sudah dapat dipidana, walaupun orang yang digerakkan itu belum melakukan Tindak Pidana atau percobaan yang danat dipidana. Penggerakan ini harus menggunakan sarana yang ditentukan dalam","Menurut Pasal 24 (1) Undang-Undang, pelaku Tindak Pidana hanya dapat dituntut atas dasar pengaduan. Namun, tidak ada regulasi spesifik yang mengatur tentang kemungkian pemeriksaan tindak pidana.

Namun, berdasarkan Pasal 248 Ayat (1) Undang-Undang, orang yang menggerakkan Tindak Pidana dapat dipidana walaupun orang yang digerakkan belum melakukan Tindak Pidana atau percobaan yang dapat dipidana. Dalam hal ini, tidak diketahui apakah penggerakan Tindak Pidana juga termasuk dalam kategori ""Tindak Pidana"" yang dapat dipidana.

Oleh karena itu, jawaban saya adalah: Saya tidak tahu. Informasi tidak tersedia di konteks."
20,Apakah pelaku percobaan tindak pidana bebas pidana jika sukarela membatalkan aksinya?,Pasal 18 ayat (1),"Ya, jika pelaku dengan sukarela menghentikan atau mencegah akibat tindak pidana.","[Pasal 67]: Pasal 67 Dalam ketentuan ini, Tindak Pidana yang dapat diancam dengan pidana yang bersifat khusus adalah Tindak Pidana yang sangat serius atau yang luar biasa, antara lain, Tindak Pidana narkotika, Tindak Pidana terorisme, Tindak Pidana korupsi, dan Tindak Pidana berat terhadap hak asasi manusia. Untuk itu, pidana mati dicantumkan dalam bagian tersendiri untuk menunjukkan bahwa jenis pidana ini benar-benar bersifat khusus. Jika dibandingkan dengan jenis pidana yang lain, pidana mati merupakan jenis pidana yang paling berat. Oleh karena itu, harus selalu diancamkan secara alternatif dengan jenis pidana lainnya yakni pidana penjara seulnur hidup atau pidana penjara paling lama 20 (dua puluh) tahun.

[Pasal 24]: Pasal 24 (1) Dalam hal tertentu, pelaku Tindak Pidana hanya dapat dituntut atas dasar pengaduan. (21 Tindak Pidana aduan harus ditentukan secara tegas dalam Undang-Undang.

[Pasal 86]: Pasal 86 Hak terpidana yang dapat dicabut dengan putusan hakim ditentukan secara limitatif, yaitu terbatas pada yang tercantum dalam pasal ini. Dalam penjatuhan pidana tambahan yang perlu mendapat perhatian adalah pencabutan hak tersebut jangan sampai mengakibatkan kematian perdata bagi seseorang, artinya, yang bersangkutan kehilangan sama sekali haJmya sebagai warga negara yang harus dapat hidup secara wajar dan manusiawi. Hak yang dapat dicabut selalu dikaitkan dengan Tindak Pidana yang dilakukan oleh terpidana. Hal ini dimaksudkan untuk mencapai salah satu dari tujuan pemidanaan, khususnya demi pengayoman atau pelindungan masyarakat. Hurufa Cukup jelas. Hurufb Cukup jelas. Hurufc Cukup jelas. Hurufd Cukup jelas. Hurufe Cukup jelas. Huruf f Yang dimaksud dengan ""profesi"" adalah pekedaan yang memerlukan keahlian tertentu serta yang memiliki kode etik tertentu pula. Hunrf g Cukup jelas. asal 87... FRESIDEN REPUBUK INDONESIA","Menurut Pasal 67, Tindak Pidana yang dapat diancam dengan pidana mati adalah Tindak Pidana yang sangat serius atau yang luar biasa. Oleh karena itu, pelaku percobaan tindak pidana tidak dapat bebas dari pidana jika sukarela membatalkan aksinya.

Dalam hal ini, pelaku hanya dapat dituntut atas dasar pengaduan (Pasal 24(1)), dan tidak ada keterangan bahwa pelaku dapat bebas dari pidana hanya karena membatalkan aksinya. Selain itu, Pasal 86 juga menegaskan bahwa hak terpidana yang dapat dicabut dengan putusan hakim ditentukan secara limitatif, yaitu terbatas pada yang tercantum dalam pasal ini.

Dalam kaitannya dengan hal tersebut, saya tidak menemukan dasar hukum yang mengizinkan pelaku percobaan tindak pidana untuk bebas dari pidana hanya karena membatalkan aksinya. Oleh karena itu, jawaban saya adalah: Tidak."
21,Apakah percobaan tindak pidana ringan yang hanya diancam denda kategori II dipidana?,Pasal 19,Tidak dipidana.,"[Pasal 84]: Pasal 84 Ketentuan ini dimaksudkan untuk mencegah kemungkinan tidak efektifnya penjatuhan pidana denda untuk seseorang yang telah berulang kali melakukan Tindak Pidana yang hanya diancam dengan pidana denda.

[Pasal 133]: Pasal 133 Ayat (1) Cukup jelas. Ayat(21 Ketentuan ini hanya berlaku untuk Tindak Pidana yang diancam dengan pidana tambahan berupa perampasan Barang dan/ atau tagihan. yat(3)... PRESIDEN REPUEUK INDONESIA Ayat (3) Meskipun Tindak Pidana yang dilakukan terlebih dahulu sudah gugur hak penuntutannya berdasarkan

[Pasal 71]: Pasal 71 Ayat (l) Ketentuan ini dimaksudkan untuk mengatasi sifat kaku dari pemmusan pidana yang bersifat tunggal yang seolah-olah mengharuskan hakim untuk hanya menjatutrkan pidana penjara. Di samping itu, hal tersebut dimaksudkan pula untuk menghindari penjatuhan pidana penjara yang pendek. Ayat(2)... {II l-irfl{rf:IrfilNlr'trtltrFlltr Ayat (2) Cukup jelas. Ayat (3) Cukup jelas. Ayat (4) Berdasarkan ketentuan ini kewenangan hakim untuk menjatuhkan pidana denda sebagai pengganti pidana penjara, dibatasi dengan ketentuan pelaku Tindak Pidana tetap dijatuhi pidana penjara meskipun diancam dengan pidana tunggal apabila yang bersangkutan pernah dijatuhi pidana penjara karena Tindak Pidana yang dilakukannya setelah berumur 18 (delapan belas) tahun. Pasa772 Ayat (1) Ketentuan ini memuat pembebasan bersyarat bagi narapidana yang menjalani pidana penjara. Dalam ketentuan ini, narapidana yang diberikan pembebasan bersyarat hanya narapidana yang masa pidananya paling singkat I (satu) tahun dan setelah narapidana menjalani pidana penjara paling singkat 9 (sembilan) Bulan di lembaga pemasyarakatan dan berkelakuan baik. Pembebasan bersyarat diberikan dengan harapan narapidana dapat dibina sedemikian rupa untuk berintegrasi kembali dengan masyarakat. Oleh karena itu, selama menjalani pidana dalam lembaga pemasyarakatan, setiap narapidana harus dipantau perkembangan hasil pembinaan terhadap dirinya. Pembebasan bersyarat harus dipandang sebagai usaha pembinaan dan bukan sebagai hadiah karena berkelakuan baik. Ayatl2l Narapidana yang telah melakukan beberapa Tindak Pidana sehingga harus menjalani beberapa pidana penjara berturut-turut, maka untuk mempertimbangkan pemberian pembebasan bersyarat, pidana tersebut dijumlahkan dan dianggap 1 (sah:) pidana. Ayat (3) Cukup jelas. Ayat (4) Pemberian pembebasan bersyarat disertai dengan masa percobaan yakni sama dengan sisa waktu pidana penjara yang masih belum dllalani ditambah 1 (satu) tahun. Dalam masa percobaan ditentukan pula syarat- syarat yang harrs dipenuhi narapidana. Ayat(s)... yat (s) Cukup jelas.","Menurut Pasal 84, ketentuan ini dimaksudkan untuk mencegah kemungkinan tidak efektifnya penjatuhan pidana denda untuk seseorang yang telah berulang kali melakukan Tindak Pidana yang hanya diancam dengan pidana denda. Namun, dalam kategori II, Tindak Pidana tersebut hanya diancam dengan pidana denda.

Jadi, tidak ada konsekuensi penjatuhan pidana penjara untuk Tindak Pidana ringan yang hanya diancam dengan pidana denda kategori II. (Saya tidak tahu)"
22,Apa yang dimaksud turut serta melakukan tindak pidana?,Pasal 20 huruf c,"Dipidana sebagai pelaku, yaitu setiap orang yang secara sadar melakukan kerja sama erat antara dua orang atau lebih, dengan masing-masing memberikan kontribusi substantif dalam terwujudnya tindak pidana.","[Pasal 76]: Pasal 76 Ayat (1) Penjatutran pidana pengawasan terhadap orang yang melakukan Tindak Pidana yang diancam dengan pidana penjara, sepenuhnya terletak pada pertimbangan hakim, dengan memperhatikan keadaan dan perbuatan terpidana. Jenis pidana ini dijatuhkan kepada orang yang pertama kali melakukan Tindak Pidana. Ayat(2) Cukup jelas. Ayat (3) Cukup jelas. Ayat (4) Yang dimaksud dengan ""terpidana"" adalah klien pemasyarakatan. Yang dimaksud dengan 'menjalani pidana penjara yang lamanya tidak lebih dari ancannan pidana penjara bagi Tindak Pidana itu"" adalah menjalani pidana yang pelaksanaannya dijalankan setelah terpidana selesai menjalani pidana penjara dari Tindak Pidana baru. Ayat (5) Cukup jelas. Ayat (6) Cukup jelas. Ayat(71 Cukup jelas. PaseJ77 Cukup jelas.

[Pasal 46]: Pasal 46 Yang dimaksud dengan ""kedudukan fungsional"" adalah orang tersebut mempunyai kewenangan mewakili, mengambil kepuhrsan, dan untuk menerapkan pengawaszrn terhadap Korporasi tersebut, termasuk yang l A berkedudukan trFlrl:Tf l-tTlFr.rlId{n! berkedudukan sebagai orang yang menJruruh melakukan, turut serta melakukan, menggerakkan orang lain supaya melakukan Tindak Pidana, atau membantu Tindak Pidana tersebut. Yang dimaksud dengan ""hubungan lain"" misalnya, kontrak kerja yang bersifat sementara.

[Pasal 460]: Pasal 460 Ayat (1) Ketentuan ini memuat peringanan ancEunan pidana yang didasarkan pada pertimbangan bahwa rasa takut seorang ibu yang melahirkan diketahui orang lain sudah dianggap suatu penderitaan. Ayat (2) Cukup jelas. Ayat (3) Karena orang lain yang turut serta dalam pembunuhan sebagaimana dimaksud pada ayat (1) dan ayat (21 tidak berada dalam kondisi psikologis yang sama dengan kondisi seorang ibu yang melakukan Tindak Pidana tersebut maka dalam prinsip penyertaan tidak berlaku dalam ketentuan ayat ini.","Menurut Pasal 46, apa yang dimaksud dengan ""turut serta melakukan Tindak Pidana"" adalah orang tersebut mempunyai kewenangan mewakili, mengambil keputusan, dan untuk menerapkan pengawasan terhadap Korporasi tersebut, termasuk yang berkedudukan sebagai orang yang menuntun, turut serta melakukan, menggerakkan orang lain supaya melakukan Tindak Pidana, atau membantu Tindak Pidana tersebut."
23,Siapa yang disebut pembantu tindak pidana?,Pasal 21 ayat (1),"Dipidana sebagai pembantu tindak pidana, yaitu mereka yang sengaja memberi kesempatan, sarana, atau keterangan sebelum tindak pidana terjadi, atau memberikan bantuan pada saat tindak pidana sedang berlangsung.","[Pasal 94]: Pasal 94 Ayat (1) Pencantuman pidana tambahan berupa pembayaran ganti rugi menunjukkan adanya pengertian akan penderitaan Korban suatu Tindak Pidana. Ganti rugi harus dibayarkan kepada Korban atau ahli waris Korban. Untuk itu, hakim menentukan siapa yang merupakan Korban yang perlu mendapat ganti rugi tersebut. Jika terpidana tidak membayar ganti rugi yang ditetapkan oleh hakim, dikenakan ketentuan tentang pidana pengganti untuk pidana denda. Ayat (2) Ketentuan mengenai pelaksanaan pidana denda diberlakukan terhadap pidana pembayaran ganti rugi dengan catatan bahwa terpidana membayarkan uang tersebut kepada Korban dan bukan kepada negara.

[Pasal 275]: Pasal 275 Cukup jelas. PasaJ276 Yang dimaksud dengan ""tanpa iz;rr"" adalah tanpa D1n dari Pejabat yang berwenang, misalnya Kepala Lembaga Pemasyarakatan, Kepala Rumah Tahanan, atau Pejabat yang ditunjuk. PasJ277 Yang dimaksud dengan ""berkendaraan"", misalnya, menggunakan sepeda, sepeda motor, atau sarana angkutan lainnya. Pasl278 Ayat (l) Tindak Pidana yang diatur pa.da ketentuan ini dilalrukan sebelum proses pemeriksaan di persidangan berlangsung. Ayat (2) Cukup jelas. Ayat (3) Cukup jelas. Pasal279 Cukup jelas.

[Pasal 492]: Pasal 492 Ketentuan ini mengatur tentang Tindak Pidana penipuan. Perbuatan materiel dari penipuan adalah membujuk seseorang dengan berbagai cara yang disebut dalam ketentuan ini, untuk memberikan sesuatu Barang, membuat utang atau menghapus piutang. Dengan demikian, perbuatan yang langsung merugikan itu tidak dilakukan oleh pelaku Tindak Pidana, lgtaFi oleh pihak yang dirugikan sendiri. Perbuatan penipuan baru selesai dengan terjadinya perbuatan dari pihak yang dirugikan sslagaimana dikehendaki pelaku. Barang yang diberikan, tidak harus secara langsung kepada pelaku Tindak Pidana tetapi dapat juga dilakukan kepada orang lain yang disuruh pelaku unhrk menerima penyerahan itu. Penipuan adalah Tindak Pidana terhadap harta benda. Tempat Tindak Pidana adalah tempat pelaku melakukan penipuan, walaupun penyerahan dilakukan di tempat lain. Saat dilakukannya Tindak Pidana adalah saat pelaku melakukan penipuan. Barang yang diserahkan dapat merupakan milik pelaku sendiri, misalnya Barang yang diberikan sebagai jaminan utang bukan untuk kepentingan pelaku. Penghapusan piutang tidak perlu dilakukan melalui cara hapusnya perikatan menurut Kitab Undang-Undalg Hukum Perdata. Juga termasuk, misalnya, perbuatan pelaku yang menghentikan untuk sementara pencatat kilometer mobil sewaannya, sehingga pemilik mobil memperhitungkan jumlah uang sewaan yang lebih kecil daripada yang sesungguhnya. Ketentuan ini menyebut secara limitatif daya upaya yang digunakan pelaku yang menyebabkan penipuan itu dapat dipidana, yaitu berupa nama atau kedudukan palsu, penyalahgunaan agama, tipu muslihat dan rangkaian kata bohong. Antara daya upaya yang digunakan dan perbuatan yang dikehendaki harus ada hubungan kausal, sehingga orang itu percaya dan memberikan apa yang diminta.","Saya tidak tahu. Dokumen konteks tidak mengatur definisi atau pengertian tentang ""pembantu tindak pidana"". Oleh karena itu, informasi tidak tersedia di konteks ini."
24,Kapan seseorang dianggap mengulangi tindak pidana?,Pasal 23 ayat (1),"Terjadi jika seseorang melakukan tindak pidana kembali dalam waktu lima tahun setelah menjalani pidana, namun hal ini tidak otomatis berlaku untuk semua tindak pidana melainkan harus memenuhi jenis tindak pidana sejenis atau syarat pengulangan tertentu sebagaimana diatur secara khusus dalam Pasal 23.","[Pasal 132]: Pasal 132 ayat (1) huruf e dan huruf f narnun apabila terdakwa mengulangi perbuatannya, maka terhadap Tindak Pidana yang kedua dan selanjutnya tetap berlaku ketentuan pemberatan ancarnan pidana bagi pengulangan Tindak Pidana sesuai dengan ketentuan yang berlaku untuk itu.

[Pasal 76]: Pasal 76 Ayat (1) Penjatutran pidana pengawasan terhadap orang yang melakukan Tindak Pidana yang diancam dengan pidana penjara, sepenuhnya terletak pada pertimbangan hakim, dengan memperhatikan keadaan dan perbuatan terpidana. Jenis pidana ini dijatuhkan kepada orang yang pertama kali melakukan Tindak Pidana. Ayat(2) Cukup jelas. Ayat (3) Cukup jelas. Ayat (4) Yang dimaksud dengan ""terpidana"" adalah klien pemasyarakatan. Yang dimaksud dengan 'menjalani pidana penjara yang lamanya tidak lebih dari ancannan pidana penjara bagi Tindak Pidana itu"" adalah menjalani pidana yang pelaksanaannya dijalankan setelah terpidana selesai menjalani pidana penjara dari Tindak Pidana baru. Ayat (5) Cukup jelas. Ayat (6) Cukup jelas. Ayat(71 Cukup jelas. PaseJ77 Cukup jelas.

[Pasal 287]: Pasal 287 Dalam ketentuan ini, tidak memenuhi perintah Pejabat yang berwenang unhrk menyerahkan Surat yang dianggap pa.lsu atau dipalsukan, sedangkan Surat tersebut diperlukan dalam proses peradilan untuk alat pembuktian, baik perkara pidana maupun perkara perdata, dianggap sebagai perbuatan yang mengganggu penyelenggaraan peradilan.","Menurut Pasal 132 ayat (1) huruf e dan huruf f, seseorang dianggap mengulangi tindak pidana apabila terdakwa mengulangi perbuatannya. Dalam hal ini, terhadap Tindak Pidana yang kedua dan selanjutnya tetap berlaku ketentuan pemberatan ancarnan pidana bagi pengulangan Tindak Pidana sesuai dengan ketentuan yang berlaku untuk itu."
25,Kapan pelaku hanya dapat dituntut atas dasar pengaduan?,Pasal 24 ayat (1),Dalam tindak pidana aduan yang secara tegas ditentukan undang-undang.,"[Pasal 24]: Pasal 24 (1) Dalam hal tertentu, pelaku Tindak Pidana hanya dapat dituntut atas dasar pengaduan. (21 Tindak Pidana aduan harus ditentukan secara tegas dalam Undang-Undang.

[Pasal 434]: Pasal 434 Ayat (1) Cukup jelas. Ayat (2) Hurrf a Dalam hal pelaku Tindak Pidana sebagaimana dimaksud dalam ketentuan ini diberi kesempatan oleh hakim untuk membulrtikan kebenaran dari apa yang dihrduhkan, tetapi ia tidak dapat membuktikan bahwa yang dituduhkan itu benar, pelaku Tindak Pidana dipidana sebagai pemfitnahan. Hurufb Cukup jelas. Ayat (3) Pembuktian kebenaran tuduhan hanya dibolehkan apabila hakim memandang perlu untuk memeriksa kebenaran bahwa terdakwa melakukan perbuatan itu untuk kepentingan umurn, atau karena terpaksa PNES!DEN REPTIEIJK INDONESIA terpaksa membela diri. Pembuktian kebenaran tuduhan juga diperbolehkan apabila yang dituduh adalah seorang pegawai negeri dan yang dituduhkan berkenaan dengan menjalankan tugasnya.

[Pasal 560]: Pasal 560 merupakan Tindak Pidana internasional, berarti pelaku Tindak Pidana tersebut dapat dituntut di negara mErnapun pelaku ditemukan asal negara tersebut menganut asas universalitas. Dengan demikian tidak dipersoalkan kewarganegaraan pelaku, demikian juga loans delicti dan nasionalitas Kapal tersebut, karena Tindak Pidana tersebut dianggap mengganggu ketertiban dunia. Dalam hal ini Nakhoda atau pemimpin Ikpal itu sendiri tidak melakukan pembqiakan, tetapi hanya menyerahkan Kapal kepada bajak laut, untuk dipergunakan membajak. Meskipun merupakan Tindak Pidana yang berupa membantu, namun dijadikan Tindak Pidana tersendiri dengan pidana yang sama dengan Tindak Pidana pembajakan itu sendiri. Apabila yang menyerahkan bukan Nakhoda atau pemimpin Kapal akan dipidana dengan pidana lebih rendah. Ayatl2l Dalam ketentuan ini orang atau Barang tidak harus berada di atas IGpal tapi bisa juga berada di pantai.","Menurut Pasal 24 (1) Dokumen Konteks, pelaku Tindak Pidana hanya dapat dituntut atas dasar pengaduan dalam hal tertentu."
26,Siapa yang berhak mengadu jika korban tindak pidana aduan masih di bawah 16 tahun?,Pasal 25 ayat (1),Orang tua atau wali korban.,"[Pasal 25]: Pasal 25 Ayat (1) Cukup jelas. Ayat(21 Cukup jelas. Ayat (3) Cukup jelas. Ayat (a) Yang dimaksud dengan ""pendamping"" adalah orang yang dipercaya oleh Korban Tindak Pidana aduan yang belum berumur 16 (enam belas) tahun untuk berlangsung.

[Pasal 24]: Pasal 24 (1) Dalam hal tertentu, pelaku Tindak Pidana hanya dapat dituntut atas dasar pengaduan. (21 Tindak Pidana aduan harus ditentukan secara tegas dalam Undang-Undang.

[Pasal 94]: Pasal 94 Ayat (1) Pencantuman pidana tambahan berupa pembayaran ganti rugi menunjukkan adanya pengertian akan penderitaan Korban suatu Tindak Pidana. Ganti rugi harus dibayarkan kepada Korban atau ahli waris Korban. Untuk itu, hakim menentukan siapa yang merupakan Korban yang perlu mendapat ganti rugi tersebut. Jika terpidana tidak membayar ganti rugi yang ditetapkan oleh hakim, dikenakan ketentuan tentang pidana pengganti untuk pidana denda. Ayat (2) Ketentuan mengenai pelaksanaan pidana denda diberlakukan terhadap pidana pembayaran ganti rugi dengan catatan bahwa terpidana membayarkan uang tersebut kepada Korban dan bukan kepada negara.","Menurut Pasal 25 Ayat (3), pendamping yang dipercaya oleh Korban Tindak Pidana aduan yang belum berumur 16 (enam belas) tahun untuk berlangsung. Dalam hal ini, korban tindak pidana aduan sendiri tidak memiliki hak mengadu karena masih di bawah umur 16 tahun. Namun, pendampingnya yang dipercaya oleh korban dapat mengadu sebagai wakil korban."
27,Siapa yang dapat mengadu jika korban tindak pidana aduan meninggal dunia?,Pasal 27,"Orang tua, anak, suami, atau istri korban.","[Pasal 94]: Pasal 94 Ayat (1) Pencantuman pidana tambahan berupa pembayaran ganti rugi menunjukkan adanya pengertian akan penderitaan Korban suatu Tindak Pidana. Ganti rugi harus dibayarkan kepada Korban atau ahli waris Korban. Untuk itu, hakim menentukan siapa yang merupakan Korban yang perlu mendapat ganti rugi tersebut. Jika terpidana tidak membayar ganti rugi yang ditetapkan oleh hakim, dikenakan ketentuan tentang pidana pengganti untuk pidana denda. Ayat (2) Ketentuan mengenai pelaksanaan pidana denda diberlakukan terhadap pidana pembayaran ganti rugi dengan catatan bahwa terpidana membayarkan uang tersebut kepada Korban dan bukan kepada negara.

[Pasal 439]: Pasal 439 Tindak Pidana ini merupakan Tindak Pidana aduan dan hanya dapa.t diajukan oleh suami atau istrinya, atau oleh salah seorang keluarga ieaarafr maupun semenda dalam garis lurus atau menyampin[ sampai der4lat kedua dari orang yang telah mati tersebut.

[Pasal 67]: Pasal 67 Dalam ketentuan ini, Tindak Pidana yang dapat diancam dengan pidana yang bersifat khusus adalah Tindak Pidana yang sangat serius atau yang luar biasa, antara lain, Tindak Pidana narkotika, Tindak Pidana terorisme, Tindak Pidana korupsi, dan Tindak Pidana berat terhadap hak asasi manusia. Untuk itu, pidana mati dicantumkan dalam bagian tersendiri untuk menunjukkan bahwa jenis pidana ini benar-benar bersifat khusus. Jika dibandingkan dengan jenis pidana yang lain, pidana mati merupakan jenis pidana yang paling berat. Oleh karena itu, harus selalu diancamkan secara alternatif dengan jenis pidana lainnya yakni pidana penjara seulnur hidup atau pidana penjara paling lama 20 (dua puluh) tahun.","Menurut Pasal 439, Tindak Pidana ini merupakan Tindak Pidana aduan dan hanya dapat diajukan oleh suami atau istrinya, atau oleh salah seorang keluarga (hingga derajat kedua) dari orang yang telah meninggal dunia. Oleh karena itu, jawaban yang sesuai adalah: Suami atau istrinya, atau salah seorang keluarga (hingga derajat kedua) dari orang yang telah meninggal dunia."
28,Bagaimana cara mengajukan pengaduan tindak pidana aduan?,Pasal 28 ayat (2),Pengaduan dapat diajukan secara lisan atau tertulis kepada pejabat berwenang.,"[Pasal 75]: Pasal 75... asal 75 Pidana pengawasan merupakan salah satu jenis pidana pokok, namun sebenamya merupakan cara pelaksanaan dari pidana penjara sehingga tidak diancamkan secara khusus dalam perumusan suatu Tindak Pidana. Pidana pengawasan merupakan pembinaan di luar lembaga atau di luar penjara, yang sempa dengan pidana penjara bersyarat yang terdapat dalam Wetboek uan Strafrecht (Kitab Undang-Undang Hukum Pidana sebagaimana ditetapkan dengan Undang-Undang Nomor I Tahun 1946 tentang Peraturan Hukum Pidana). Pidana ini mempakan altematif dari pidana penjara dan tidak ditujukan untuk Tindak Pidana yang berat siliatnya.

[Pasal 361]: Pasal 361 Ketentuan ini merupal<an Tindak Pidana yang dikenal sebagai pelaporan atau pengaduan palsu. Yang dilaporkan atau diadut<an adalah terjadinya Tindak Pidana, bukan perbuatan yang tidak merupakan Tindak Pidana.

[Pasal 76]: Pasal 76 Ayat (1) Penjatutran pidana pengawasan terhadap orang yang melakukan Tindak Pidana yang diancam dengan pidana penjara, sepenuhnya terletak pada pertimbangan hakim, dengan memperhatikan keadaan dan perbuatan terpidana. Jenis pidana ini dijatuhkan kepada orang yang pertama kali melakukan Tindak Pidana. Ayat(2) Cukup jelas. Ayat (3) Cukup jelas. Ayat (4) Yang dimaksud dengan ""terpidana"" adalah klien pemasyarakatan. Yang dimaksud dengan 'menjalani pidana penjara yang lamanya tidak lebih dari ancannan pidana penjara bagi Tindak Pidana itu"" adalah menjalani pidana yang pelaksanaannya dijalankan setelah terpidana selesai menjalani pidana penjara dari Tindak Pidana baru. Ayat (5) Cukup jelas. Ayat (6) Cukup jelas. Ayat(71 Cukup jelas. PaseJ77 Cukup jelas.","Menurut Pasal 361, ketentuan ini merupal Tindak Pidana yang dikenal sebagai pelaporan atau pengaduan palsu. Yang dilaporkan atau diaduan adalah terjadinya Tindak Pidana, bukan perbuatan yang tidak merupakan Tindak Pidana.

Dalam konteksnya, cara mengajukan pengaduan tindak pidana aduan tidak jelas karena Pasal 361 hanya menjelaskan tentang pelaporan atau pengaduan palsu dan tidak memberikan petunjuk tentang cara mengajukan pengaduan tindak pidana aduan. Oleh karena itu, saya tidak dapat memberikan jawaban yang spesifik.

Saya tidak tahu."
29,Berapa batas waktu pengajuan pengaduan tindak pidana aduan?,Pasal 29 ayat (1),"Enam bulan sejak orang yang berhak mengadu mengetahui adanya tindak pidana jika ia bertempat tinggal di dalam negeri, atau sembilan bulan jika ia bertempat tinggal di luar negeri.","[Pasal 136]: Pasal 136 Ayat (1) Ketentuan liedaluwarsa dalam ketentuan ini dimaksudkan untuk memberi kepastian hukum terhadap status Tindak Pidana yang dilakukan. Hal ini dikarcnalan dengan lewatnya jangka waktu tersebut pada umumnya sulit untuk menentukan alat-alat bukti. Penentuan tenggang watrrhr kedaluwarsa disesuaikan dengan berat ringannya Tindak Pidana yang dilakukan. Bagi Tindak Pidana yang lebih berat, tenggang waktu kedaluwarsa lebih lama daripada tenggang waktu bagi Tindak Pidana yang lebih ringan. Ayat (2) Ketentuan pada ayat ini disesuaikan dengan prinsip dalam hukum pidana yang memperlakukan secara khusus bagi Anak. Oleh karena itu, tenggang waktu kedaluwarsa terhadap Tindak Pidana yang dilakukan Anak lebih singkat daripada Tindak Pidana yang dilakukan orang dewasa.

[Pasal 137]: Pasal 137 Huruf a Cukup jelas. Hurufb Sesuai dengan sifat Tindak Pidana yang ada keberlangsungan, maka selesainya Tindak Pidana yang dimaksud dalam ketentuan ini adalah pada waktu Korban yang dilarikan, diculik, atau dirampa.s kemerdekaannya, dilepaskan. Apabila Korban sampai dibunuh maka waktu gugumya penuntutan, dihitung mulai hari berikutnya dari waktu matinya Korban.

[Pasal 76]: Pasal 76 Ayat (1) Penjatutran pidana pengawasan terhadap orang yang melakukan Tindak Pidana yang diancam dengan pidana penjara, sepenuhnya terletak pada pertimbangan hakim, dengan memperhatikan keadaan dan perbuatan terpidana. Jenis pidana ini dijatuhkan kepada orang yang pertama kali melakukan Tindak Pidana. Ayat(2) Cukup jelas. Ayat (3) Cukup jelas. Ayat (4) Yang dimaksud dengan ""terpidana"" adalah klien pemasyarakatan. Yang dimaksud dengan 'menjalani pidana penjara yang lamanya tidak lebih dari ancannan pidana penjara bagi Tindak Pidana itu"" adalah menjalani pidana yang pelaksanaannya dijalankan setelah terpidana selesai menjalani pidana penjara dari Tindak Pidana baru. Ayat (5) Cukup jelas. Ayat (6) Cukup jelas. Ayat(71 Cukup jelas. PaseJ77 Cukup jelas.","Berikut adalah jawaban berdasarkan dokumen konteks:

Batas waktu pengajuan pengaduan tindak pidana aduan tidak tercantum dalam Pasal 136 dan Pasal 137. Oleh karena itu, saya tidak menemukan informasi yang relevan untuk menjawab pertanyaan tersebut.

Namun, berdasarkan Pasal 76 Ayat (1) dikatakan bahwa penjatutran pidana pengawasan terhadap orang yang melakukan Tindak Pidana yang diancam dengan pidana penjara sepenuhnya terletak pada pertimbangan hakim. Dalam hal ini, tidak ada batas waktu pengajuan pengaduan tindak pidana aduan yang ditetapkan.

Maka jawaban saya adalah: Saya tidak tahu."
30,Apakah pengaduan dapat dicabut kembali?,Pasal 30 ayat (1),"Ya, dalam waktu tiga bulan sejak pengaduan diajukan.","[Pasal 86]: Pasal 86 Hak terpidana yang dapat dicabut dengan putusan hakim ditentukan secara limitatif, yaitu terbatas pada yang tercantum dalam pasal ini. Dalam penjatuhan pidana tambahan yang perlu mendapat perhatian adalah pencabutan hak tersebut jangan sampai mengakibatkan kematian perdata bagi seseorang, artinya, yang bersangkutan kehilangan sama sekali haJmya sebagai warga negara yang harus dapat hidup secara wajar dan manusiawi. Hak yang dapat dicabut selalu dikaitkan dengan Tindak Pidana yang dilakukan oleh terpidana. Hal ini dimaksudkan untuk mencapai salah satu dari tujuan pemidanaan, khususnya demi pengayoman atau pelindungan masyarakat. Hurufa Cukup jelas. Hurufb Cukup jelas. Hurufc Cukup jelas. Hurufd Cukup jelas. Hurufe Cukup jelas. Huruf f Yang dimaksud dengan ""profesi"" adalah pekedaan yang memerlukan keahlian tertentu serta yang memiliki kode etik tertentu pula. Hunrf g Cukup jelas. asal 87... FRESIDEN REPUBUK INDONESIA

[Pasal 437]: Pasal 437 Harus dibuktikan bahwa pelaku mengetahui bahwa pengaduan tersebut tidak benar dan sifatnya menyerang kehormatan atau nama baik seseorang. Pengaduan atau pemberitahuan dilakukan secara terhrlis atau menyuruh orang lain untuk menuliskan dan tidak diharuskan ada tanda tangan pengadu. Dengan demikian, pengaduan atau pemberitahuan palsu dengan Surat anonim (blackmaitl dapat dipidana berdasarkan ketentuan dalam Pasal ini.

[Pasal 137]: Pasal 137 Huruf a Cukup jelas. Hurufb Sesuai dengan sifat Tindak Pidana yang ada keberlangsungan, maka selesainya Tindak Pidana yang dimaksud dalam ketentuan ini adalah pada waktu Korban yang dilarikan, diculik, atau dirampa.s kemerdekaannya, dilepaskan. Apabila Korban sampai dibunuh maka waktu gugumya penuntutan, dihitung mulai hari berikutnya dari waktu matinya Korban.","Menurut Pasal 86 Hak terpidana yang dapat dicabut dengan putusan hakim ditentukan secara limitatif, yaitu terbatas pada yang tercantum dalam pasal ini. Dalam penjatuhan pidana tambahan yang perlu mendapat perhatian adalah pencabutan hak tersebut jangan sampai mengakibatkan kematian perdata bagi seseorang.

Dalam hal pengaduan, tidak ada ketentuan dalam Pasal 86 yang menyebutkan tentang pengaduan dapat dicabut kembali. Oleh karena itu, saya tidak tahu apakah pengaduan dapat dicabut kembali atau tidak."
31,Apakah seseorang dipidana jika melakukan perbuatan untuk melaksanakan undang-undang?,Pasal 31,Tidak dipidana karena merupakan alasan pembenar.,"[Pasal 359]: Pasal 359 Cukup jelas. Yang dimaksud dengan ""mencegah"" adalah berusaha agar Pejabat yang berwenang yang bersangkutan tidak sempat bertindak. Yang dimaksud dengan ""menghalang-halangf adalah apabila Pejabat yang berwenang tersebut sudah bertindak dan dicegah untuk melakukan tindakannya. Yang dimaksud dengan omenggagalkan"" adalah meniadakan hasil tindakan yang telah dilakukan Pejabat yang berwenang yang bersangkutan. Tindak Pidana dalam ketentuan ini adalah melalaikan kewajiban Setiap Orang membantu tercapa.inya keadilan, khususnya yang berkaitan dengan pengampuan dan perwalian. Ketentuan ini dimaksudkan bahwa kewajiban Setiap Orang untuk membantu Pejabat yang berwenang dalam melaksanakan tugasnya sesuai dengan ketentuan peraturan perundang-undangan, seperti adanya bahaya lagi keamanan umum atau pada wakhr seseorang tertangkap tangan melakukan Tindak Pidana, dan sebagainya. Karena itu, perbuatan tidak membantu padahal perbuatan itu tidak akan membahayakan dirinya patut dicela. asal 360... rl ffitrEIEtrN REPUBUK INDONESIA

[Pasal 316]: Pasal 316 Dalam keadaan mabuk seseorang tidak dapat sepenuhnya dapat menguasai atau mengontrol dirinya. Oleh karena itu, dalam keadaan yang sedemikian seseorang dilarang melakukan perbuatan sebagaimeina dimaksud dalam pasal ini.

[Pasal 417]: Pasal 417 Tindak Pidana dalam ketentuan ini adalah perbuatan menggerakkan seseorang yang belum dewasa, belum kawin, dan berkelakuan baik untuk melakukan perbuatan cabul atau persetubuhan dengannya atau membiarkan terhadap dirinya dilakukan perbuatan cabul. Cara untuk menggerakkan seseorang tersebut adalah dengan memberi hadiah atau berjanji . . . SK No l61432A EFEIEtrN BLII( INDONESIA be{anji akan memberi hadiah, dan dengan cara tersebut pelaku Tindak Pidana menyalahgunakan wibawa yang timbul dari hubungan keadaan atau menyesatkan orang tersebut.","Menurut Pasal 359, Tindak Pidana adalah melalaikan kewajiban Setiap Orang membantu tercapainya keadilan, khususnya yang berkaitan dengan pengampuan dan perwalian. Dalam konteks ini, tidak ada informasi yang menjelaskan tentang pidana yang diterima seseorang karena melakukan perbuatan untuk melaksanakan undang-undang.

Dalam Pasal 316 dan Pasal 417 tidak terdapat informasi yang berhubungan dengan perbuatan untuk melaksanakan undang-undang. Oleh karena itu, jawaban saya adalah: Saya tidak tahu. Informasi tidak tersedia di konteks."
32,Apakah menjalankan perintah jabatan dapat menghapus pidana?,Pasal 32,"Ya, jika perintah berasal dari pejabat berwenang.","[Pasal 347]: Pasal 347 dilakukan secara bersama-sarna dan bersekutu, pidananya dapat ditamb ah I l3 (satu per tiga). Paragraf 2 Pengabaian terhadap Perintah Pejabat yang Berwenang

[Pasal 475]: Pasal 475 Ayat (1) Dari jabatan atau profesi tertentu diharapkan adanya rasa tanggung jawab dalam menjalankan tugas atau pekerjaan yang dipercayakan kepada mereka. Dengan perkataan lain, kealpa.an harus dihindarkan oleh orang yang menjalankan tugas atau pekerjaan secara bertanggung jawab. Oleh karena itu, jika terjadi suatu kealpaan, ancarran pidananya dapat ditambah dengan 1/3 (satu per tiga). Ayat(21 Cukup jelas.

[Pasal 71]: Pasal 71 Ayat (l) Ketentuan ini dimaksudkan untuk mengatasi sifat kaku dari pemmusan pidana yang bersifat tunggal yang seolah-olah mengharuskan hakim untuk hanya menjatutrkan pidana penjara. Di samping itu, hal tersebut dimaksudkan pula untuk menghindari penjatuhan pidana penjara yang pendek. Ayat(2)... {II l-irfl{rf:IrfilNlr'trtltrFlltr Ayat (2) Cukup jelas. Ayat (3) Cukup jelas. Ayat (4) Berdasarkan ketentuan ini kewenangan hakim untuk menjatuhkan pidana denda sebagai pengganti pidana penjara, dibatasi dengan ketentuan pelaku Tindak Pidana tetap dijatuhi pidana penjara meskipun diancam dengan pidana tunggal apabila yang bersangkutan pernah dijatuhi pidana penjara karena Tindak Pidana yang dilakukannya setelah berumur 18 (delapan belas) tahun. Pasa772 Ayat (1) Ketentuan ini memuat pembebasan bersyarat bagi narapidana yang menjalani pidana penjara. Dalam ketentuan ini, narapidana yang diberikan pembebasan bersyarat hanya narapidana yang masa pidananya paling singkat I (satu) tahun dan setelah narapidana menjalani pidana penjara paling singkat 9 (sembilan) Bulan di lembaga pemasyarakatan dan berkelakuan baik. Pembebasan bersyarat diberikan dengan harapan narapidana dapat dibina sedemikian rupa untuk berintegrasi kembali dengan masyarakat. Oleh karena itu, selama menjalani pidana dalam lembaga pemasyarakatan, setiap narapidana harus dipantau perkembangan hasil pembinaan terhadap dirinya. Pembebasan bersyarat harus dipandang sebagai usaha pembinaan dan bukan sebagai hadiah karena berkelakuan baik. Ayatl2l Narapidana yang telah melakukan beberapa Tindak Pidana sehingga harus menjalani beberapa pidana penjara berturut-turut, maka untuk mempertimbangkan pemberian pembebasan bersyarat, pidana tersebut dijumlahkan dan dianggap 1 (sah:) pidana. Ayat (3) Cukup jelas. Ayat (4) Pemberian pembebasan bersyarat disertai dengan masa percobaan yakni sama dengan sisa waktu pidana penjara yang masih belum dllalani ditambah 1 (satu) tahun. Dalam masa percobaan ditentukan pula syarat- syarat yang harrs dipenuhi narapidana. Ayat(s)... yat (s) Cukup jelas.","Menurut Pasal 347, Pengabaian terhadap Perintah Pejabat yang Berwenang, tidak ada jawaban yang langsung mengenai apakah menjalankan perintah jabatan dapat menghapus pidana.

Namun, berdasarkan Pasal 475 Ayat (1), kita menemukan bahwa dari jabatan atau profesi tertentu diharapkan adanya rasa tanggung jawab dalam menjalankan tugas atau pekerjaan yang dipercayakan kepada mereka. Oleh karena itu, jika terjadi suatu kealpaan, ancarran pidananya dapat ditambah dengan 1/3 (satu per tiga).

Dalam hal ini, tidak ada klarifikasi langsung apakah menjalankan perintah jabatan dapat menghapus pidana. Karena itu, saya harus menjawab 'Saya tidak tahu' atau 'Informasi tidak tersedia di konteks'."
33,Apakah keadaan darurat dapat menghapus pidana?,Pasal 33,"Ya, perbuatan dalam keadaan darurat tidak dipidana.","[Pasal 48]: Pasal 48O Cukup jelas. Tindak Pidana pencurian dalam ketentuan ini dikualifrkasi sebagai pencurian dengan pemberatan. Unsur pemberatrrya adalah adanya Kekerasan atau Ancaman Kekerasan terhadap orang di dalam melakukan pencurian. Kekerasan atau Ancaman Kekerasan dapat dilakukan sebelum, pada saat, atau setelah pencurian dilakukan. Kekerasan menunjuk pada penggunaan kekuatan frsik, baik dengan tenaga badan maupun dengan menggunakan alat, sedangkan Ancaman Kekerasan menunjukkan keadaan sedemikian rupa yang menimbulkan rasa takut, cemas, atau khawatir pada orang yang diancam. Penggunaan Kekerasan atau Ancaman Kekerasan ini tidak perlu semata-mata ditujukan kepada pemilik Barang, tetapi juga dapat pada orang lain, misaleya pembantu rumah tangga atau penjaga rumah. Ayat (2) Cukup jelas. Ayat (3) Cukup jelas. Ayat (4) Cukup jelas.

[Pasal 316]: Pasal 316 Dalam keadaan mabuk seseorang tidak dapat sepenuhnya dapat menguasai atau mengontrol dirinya. Oleh karena itu, dalam keadaan yang sedemikian seseorang dilarang melakukan perbuatan sebagaimeina dimaksud dalam pasal ini.

[Pasal 67]: Pasal 67 Dalam ketentuan ini, Tindak Pidana yang dapat diancam dengan pidana yang bersifat khusus adalah Tindak Pidana yang sangat serius atau yang luar biasa, antara lain, Tindak Pidana narkotika, Tindak Pidana terorisme, Tindak Pidana korupsi, dan Tindak Pidana berat terhadap hak asasi manusia. Untuk itu, pidana mati dicantumkan dalam bagian tersendiri untuk menunjukkan bahwa jenis pidana ini benar-benar bersifat khusus. Jika dibandingkan dengan jenis pidana yang lain, pidana mati merupakan jenis pidana yang paling berat. Oleh karena itu, harus selalu diancamkan secara alternatif dengan jenis pidana lainnya yakni pidana penjara seulnur hidup atau pidana penjara paling lama 20 (dua puluh) tahun.","Saya tidak tahu. Informasi tidak tersedia di konteks untuk menjawab apakah keadaan darurat dapat menghapus pidana. Karena itu, saya harus mengikuti panduan yang diberikan dalam dokumen konteks dan tidak membuat prediksi atau inferensi yang tidak didasarkan pada konteks."
34,Apakah pembelaan diri terhadap serangan seketika dapat menghapus pidana?,Pasal 34,"Ya, pembelaan terpaksa terhadap serangan melawan hukum tidak dipidana.","[Pasal 216]: Pasal 216 Cukup jelas. Pasal2l7 Tindak Pidana penyerangan diri seseorang pada umumnya dapat merupakan berbagai Tindak Pidana, seperti penganiayaan atau melakukan Kekerasan. Karena Tindak Pidana dalam ketentuan pasal ini ditujukan kepada diri Presiden dan/atau Wakil Presiden maka jika ancaman pidana tidak termasuk dalam pidana yang lebih berat, maka berlaku ketentuan dalam pasal ini.

[Pasal 34]: Pasal 34 Ketentuan ini mengatur tentang pembelaan terpaksa yang mensyaratkan 4 (empat) keadaan, yaitu: a. harus ada serangan atau ancarnan serangan yang melawan hukum yang bersifat seketika; b. pembelaan dilakukan karena tidak ada jalan lain (subsidiaritas) untuk menghalau serangan; c. pembelaan hanya dapat dilakukan terhadap kepentingan yang ditentukan secara limitatif yaitu kepentingan hukum diri sendiri atau orang lain, kehormatan dalam arti kesusilaan, atau harta benda; dan d. keseimbangan antara pembelaan yang dilakukan dan serangan yang diterima (proporsionalitas).

[Pasal 48]: Pasal 48O Cukup jelas. Tindak Pidana pencurian dalam ketentuan ini dikualifrkasi sebagai pencurian dengan pemberatan. Unsur pemberatrrya adalah adanya Kekerasan atau Ancaman Kekerasan terhadap orang di dalam melakukan pencurian. Kekerasan atau Ancaman Kekerasan dapat dilakukan sebelum, pada saat, atau setelah pencurian dilakukan. Kekerasan menunjuk pada penggunaan kekuatan frsik, baik dengan tenaga badan maupun dengan menggunakan alat, sedangkan Ancaman Kekerasan menunjukkan keadaan sedemikian rupa yang menimbulkan rasa takut, cemas, atau khawatir pada orang yang diancam. Penggunaan Kekerasan atau Ancaman Kekerasan ini tidak perlu semata-mata ditujukan kepada pemilik Barang, tetapi juga dapat pada orang lain, misaleya pembantu rumah tangga atau penjaga rumah. Ayat (2) Cukup jelas. Ayat (3) Cukup jelas. Ayat (4) Cukup jelas.","Berdasarkan Pasal 34, pembelaan diri hanya dapat dilakukan jika ada serangan atau ancaman serangan yang melawan hukum yang bersifat seketika. Dalam hal ini, pembelaan diri harus dilakukan karena tidak ada jalan lain untuk menghalau serangan.

Namun, Pasal 216 juga menjelaskan bahwa Tindak Pidana penyerangan diri seseorang pada umumnya dapat merupakan berbagai Tindak Pidana, seperti penganiayaan atau melakukan Kekerasan. Oleh karena itu, apakah pembelaan diri terhadap serangan seketika dapat menghapus pidana tidak jelas.

Berdasarkan dokumen konteks, saya tidak menemukan informasi yang langsung menjawab apakah pembelaan diri terhadap serangan seketika dapat menghapus pidana. Oleh karena itu, saya harus berpendapat bahwa ""Saya tidak tahu"" atau ""Informasi tidak tersedia di konteks""."
35,Kapan seseorang dapat dimintai pertanggungjawaban pidana?,Pasal 36 ayat (1),Jika tindak pidana dilakukan dengan sengaja atau karena kealpaan.,"[Pasal 316]: Pasal 316 Dalam keadaan mabuk seseorang tidak dapat sepenuhnya dapat menguasai atau mengontrol dirinya. Oleh karena itu, dalam keadaan yang sedemikian seseorang dilarang melakukan perbuatan sebagaimeina dimaksud dalam pasal ini.

[Pasal 291]: Pasal 291 (1) Setiap Orang yang berdasarkan ketentuan peraturan perundang-undangan harus memberikan keterangan di atas sumpah atau keterangan tersebut menimbulkan akibat hukum, memberikan keterangan palsu di atas sumpah, baik dengan lisan maupun tulisan, yang dilakukan sendiri atau oleh kuasanya yang khusus ditunjuk untuk itu yang diberikan dalam pemeriksaan perkara dalam proses peradilan, dipidana dengan pidana penjara paling lama 7 (tujuh) tahun. (2)Jika. . . (21 Jika perbuatan sebagaimana dimaksud pada ayat (1) merugikan tersangka, terdakwa, atau pihak lawan, pidananya dapat ditamb ah L / 3 (satu per tiga) . Pasal292 (l) Setiap Orang yang menyebutkan identitas pelapor, saksi, atau Korban atau hal lain yang memberikan kemungkinan dapat diketahuinya identitas tersebut padahal telah diberitahukan kepadanya identitas tersebut harus dirahasiakan, dipidana dengan pidana penjara paling lama 3 (tiga) tahun atau pidana denda paling banyak kategori IV. (21 Ketentuan sebagaimana dimaksud pada ayat (1) hanya berlaku jika keharusan untuk merahasiakan identitas pelapor, saksi, atau Korban disebutkan secara tegas dalam Undang-Undang. Bagian Ketiga Perusakan Gedung, Ruang Sidang, dan Alat Perlengkapan Sidang Pengadilan

[Pasal 55]: Pasal 55 Yang dimaksud dengan ""sengaja menyebabkan te{adinya keadaan yang dapat menjadi alasan peniadaan pidana"" adalah bahwa pelaku dengan seng4a mengondisikan dirinya atau suatu keadaan tertentu dengan maksud agar dapat dibebaskan dari pertanggungjawaban pidana karena alasan pembenar atau alasan pemaaf. asal 56. . . tftEtrIEtrN lirl:irkIII-INIIr-NI.F{IJ","Berdasarkan Pasal 291 ayat (1) Undang-Undang Hukum Pidana, seseorang dapat dimintai pertanggungjawaban pidana jika ia memberikan keterangan palsu di atas sumpah, baik dengan lisan maupun tulisan, yang dilakukan sendiri atau oleh kuasanya yang khusus ditunjuk untuk itu yang diberikan dalam pemeriksaan perkara dalam proses peradilan. Dengan demikian, Pasal 291 ayat (1) Undang-Undang Hukum Pidana menentukan bahwa keterangan palsu di atas sumpah adalah salah satu hal yang dapat membuat seseorang dimintai pertanggungjawaban pidana.

DASAR PASAL: Pasal 291 ayat (1) Undang-Undang Hukum Pidana."
36,Apakah seseorang dapat dipidana tanpa memperhatikan kesalahan?,Pasal 37,Bisa jika ditentukan secara khusus oleh undang-undang.,"[Pasal 535]: Pasal 535 Ketentuan ini dimaksudkan untuk memberikan pelindungan terhadap hak asasi seseorang atas rumah tinggalnya, yang merupakan hak pribadi seseorang sehingga harus ditndungi, tidak boleh dimasuki orang lain tanpa izin dari penghuni rumah atau tanpa memperhatikan cara sesuai dengan ketentuan peraturan perundang-undangan. Demikian pula memasuki tempat tertutup atau pekarangan tertutup yang dipakai orang. Ketentuan ini dikenakan hanya terhadap Pejabat dalam menjalankan tuga.snya. Ketentuan ini berlaku khusus bagi Pejabat dalam melakukan penggeledahan rumah atau membaca atau menyita Surat dalam rangka penyidikan Tindak Pidana tanpa memenuhi ketentuan peraturan perundang-undarrgan. SK No l61455A

[Pasal 434]: Pasal 434 Ayat (1) Cukup jelas. Ayat (2) Hurrf a Dalam hal pelaku Tindak Pidana sebagaimana dimaksud dalam ketentuan ini diberi kesempatan oleh hakim untuk membulrtikan kebenaran dari apa yang dihrduhkan, tetapi ia tidak dapat membuktikan bahwa yang dituduhkan itu benar, pelaku Tindak Pidana dipidana sebagai pemfitnahan. Hurufb Cukup jelas. Ayat (3) Pembuktian kebenaran tuduhan hanya dibolehkan apabila hakim memandang perlu untuk memeriksa kebenaran bahwa terdakwa melakukan perbuatan itu untuk kepentingan umurn, atau karena terpaksa PNES!DEN REPTIEIJK INDONESIA terpaksa membela diri. Pembuktian kebenaran tuduhan juga diperbolehkan apabila yang dituduh adalah seorang pegawai negeri dan yang dituduhkan berkenaan dengan menjalankan tugasnya.

[Pasal 316]: Pasal 316 Dalam keadaan mabuk seseorang tidak dapat sepenuhnya dapat menguasai atau mengontrol dirinya. Oleh karena itu, dalam keadaan yang sedemikian seseorang dilarang melakukan perbuatan sebagaimeina dimaksud dalam pasal ini.","Menurut Pasal 434 Ayat (2), jika pelaku Tindak Pidana tidak dapat membuktikan kebenaran tuduhan, maka ia akan dipidana sebagai pemfitnah. Oleh karena itu, jawaban atas pertanyaan apakah seseorang dapat dipidana tanpa memperhatikan kesalahan adalah ""Tidak"". Dasar hukumnya adalah Pasal 434 Ayat (2) yang menyatakan bahwa pelaku Tindak Pidana tidak dapat membuktikan kebenaran tuduhan dan akan dipidana sebagai pemfitnah."
37,Apakah penyandang disabilitas mental dapat dikurangi pidananya?,Pasal 38,"Ya, pidananya dapat dikurangi dan/atau dikenai tindakan.","[Pasal 39]: Pasal 39 Dalam ketentuan ini, penyandang disabilitas mental yang dalam keadaan kekambuhan akut dan disertai gambaran psikotik dan/atau penyandang disabilitas intelektual derajat sedang atau berat, tidak mampu bertanggung jawab. Untuk dapat menjelaskan tidak mampu bertanggung jawab dari segi medis, perlu dihadirkan ahli sehingga pelaku Tindak Pidana dipandang atau dinilai sebagai tidak mampu bertanggung jawab.

[Pasal 38]: Pasal 38 Yang dimaksud dengan ""disabilitas mental"" adalah terganggunya fungsi pikir, emosi, dan perilaku, antara lain: a. psikososial, antara lain, skizofrenia, bipolar, depresi, a nxietg, dan gangguan kepribadian; dan b. disabilitas perkembangan yang berpengaruh pada kemampuan interaksi sosial, antara lain, autis dan hiperaktif. SK No l61369A Yang . . . EEtrEIEtrN tafl [FIIIXNIiTTNITF{f Yang dimaksud dengan ""disabilitas intelektual"" adalah terganggunya fungsi pikir karena tingkat kecerdasan di bawah rata-rata, antara lain, lambat belajar, disabilitas grahita, dat down sgndrome. Pelaku Tindak Pidana y€rng menyandang disabilitas mental dan/atau disabilitas intelektual dinilai kurang mampu untuk menginsali tentang sifat melawan hukum dari perbuatan yang dilakukan atau untuk berbuat berdasarkan keinsafan yang dapat dipidana.

[Pasal 40]: Pasal 40 Ketentuan ini mengatur tentang batas umur minimum unhrk dapat dipertanggungiawabkan secara pidana bagi anak yang melakukan Tindak Pidana. Penentuan batas umur 12 (dua belas) tahun didasarkan pada pertimbangan psikologis yaitu kematangan emosional, intelektual, dan mental anak. Anak di bawah umur 12 (dua belas) tahun tidak dapat dipertanggungiawabkan secara pidana dan karena itu pen€rng€uxan perkaranya dilaksanakan sesuai dengan ketenhran peratuztn penrndang- undangan yang mengatur mengenai sistem peradilan pidana anak.","Saya tidak tahu. Informasi tentang pidana untuk penyandang disabilitas mental tidak terdapat pada Pasal 39 dan Pasal 38 dokumen konteks, sehingga tidak dapat menjawab pertanyaan tersebut secara definitif. Namun, dalam kasus tertentu, perlu dihadirkan ahli medis untuk menjelaskan kemampuan seseorang yang mengalami disabilitas mental dari segi medis, seperti yang dinyatakan pada Pasal 39."
38,Apakah penyandang disabilitas mental berat dapat dijatuhi pidana?,Pasal 39,"Tidak dapat dijatuhi pidana melainkan dapat dikenai tindakan, khusus bagi penyandang disabilitas mental dalam kondisi kekambuhan akut dengan gambaran psikotik dan/atau disabilitas intelektual tingkat sedang atau berat.","[Pasal 39]: Pasal 39 Dalam ketentuan ini, penyandang disabilitas mental yang dalam keadaan kekambuhan akut dan disertai gambaran psikotik dan/atau penyandang disabilitas intelektual derajat sedang atau berat, tidak mampu bertanggung jawab. Untuk dapat menjelaskan tidak mampu bertanggung jawab dari segi medis, perlu dihadirkan ahli sehingga pelaku Tindak Pidana dipandang atau dinilai sebagai tidak mampu bertanggung jawab.

[Pasal 38]: Pasal 38 Yang dimaksud dengan ""disabilitas mental"" adalah terganggunya fungsi pikir, emosi, dan perilaku, antara lain: a. psikososial, antara lain, skizofrenia, bipolar, depresi, a nxietg, dan gangguan kepribadian; dan b. disabilitas perkembangan yang berpengaruh pada kemampuan interaksi sosial, antara lain, autis dan hiperaktif. SK No l61369A Yang . . . EEtrEIEtrN tafl [FIIIXNIiTTNITF{f Yang dimaksud dengan ""disabilitas intelektual"" adalah terganggunya fungsi pikir karena tingkat kecerdasan di bawah rata-rata, antara lain, lambat belajar, disabilitas grahita, dat down sgndrome. Pelaku Tindak Pidana y€rng menyandang disabilitas mental dan/atau disabilitas intelektual dinilai kurang mampu untuk menginsali tentang sifat melawan hukum dari perbuatan yang dilakukan atau untuk berbuat berdasarkan keinsafan yang dapat dipidana.

[Pasal 40]: Pasal 40 Ketentuan ini mengatur tentang batas umur minimum unhrk dapat dipertanggungiawabkan secara pidana bagi anak yang melakukan Tindak Pidana. Penentuan batas umur 12 (dua belas) tahun didasarkan pada pertimbangan psikologis yaitu kematangan emosional, intelektual, dan mental anak. Anak di bawah umur 12 (dua belas) tahun tidak dapat dipertanggungiawabkan secara pidana dan karena itu pen€rng€uxan perkaranya dilaksanakan sesuai dengan ketenhran peratuztn penrndang- undangan yang mengatur mengenai sistem peradilan pidana anak.","Berdasarkan Pasal 39, penyandang disabilitas mental yang dalam keadaan kekambuhan akut dan disertai gambaran psikotik dan/atau penyandang disabilitas intelektual derajat sedang atau berat, tidak mampu bertanggung jawab. Oleh karena itu, berdasarkan Pasal 39, penyandang disabilitas mental berat tidak dapat dijatuhi pidana.

Dalam hal ini, penyandang disabilitas mental berat dinilai tidak mampu menginsafkan sifat melawan hukum dari perbuatan yang dilakukan atau untuk berbuat berdasarkan keinsafan yang dapat dipidana. 

Saya tidak menemukan dasar hukum lain yang menjelaskan bahwa penyandang disabilitas mental berat dapat dijatuhi pidana, sehingga jawaban saya tetap sama dengan Pasal 39."
39,Apakah anak di bawah 12 tahun dapat dipidana?,Pasal 40,Tidak dapat dimintai pertanggungjawaban pidana.,"[Pasal 40]: Pasal 40 Ketentuan ini mengatur tentang batas umur minimum unhrk dapat dipertanggungiawabkan secara pidana bagi anak yang melakukan Tindak Pidana. Penentuan batas umur 12 (dua belas) tahun didasarkan pada pertimbangan psikologis yaitu kematangan emosional, intelektual, dan mental anak. Anak di bawah umur 12 (dua belas) tahun tidak dapat dipertanggungiawabkan secara pidana dan karena itu pen€rng€uxan perkaranya dilaksanakan sesuai dengan ketenhran peratuztn penrndang- undangan yang mengatur mengenai sistem peradilan pidana anak.

[Pasal 425]: Pasal 425 Ayat (1) Yang dimaksud dengan ""anak yang ada di bawah kekuasaannya yang sah"" adalah anak kandung, anak tiri, anak angkat, atau anak yang berada di bawah pengawasannya, atau anak yang dipercayakan untuk diasuh, dididik, atau dijaga dan belum berumur 12 (dua belas) tahun. yat(2)... EEtrEIEtrN REPTIEUK INDONESIA Ayat (2) Cukup jelas. Pasal426 Ayat (1) Yang dimaksud dengan ""izinf adalah iin yang ditetapkan oleh pemerintah dengan masyarakat. Ayat(21 Cukup jelas. Pasal427 Cukup jelas.

[Pasal 452]: Pasal 452 Ayat (1) Ketentuan ini dimaksudkan untuk memberikan pelindungan terhadap Anak yang telah mendapatkan pelindungan hukum. Misalnya, Anak yang ditempatkan di panti asuhan, apabila mereka dilarikan, maka pelaku Tindak Pidana dapat dipidana. Ayat(21 Cukup jelas.","Menurut Pasal 40, anak di bawah umur 12 (dua belas) tahun tidak dapat dipertanggungiawabkan secara pidana. Oleh karena itu, jawaban saya adalah: Saya tidak tahu."
40,Apa tindakan terhadap anak di bawah 12 tahun yang melakukan tindak pidana?,Pasal 41,"Diselesaikan melalui keputusan bersama oleh penyidik, pembimbing kemasyarakatan, dan pekerja sosial profesional, berupa penyerahan kembali kepada orang tua/wali atau pengikutsertaan dalam program pendidikan, pembinaan, dan pembimbingan di instansi pemerintah paling lama enam bulan.","[Pasal 40]: Pasal 40 Ketentuan ini mengatur tentang batas umur minimum unhrk dapat dipertanggungiawabkan secara pidana bagi anak yang melakukan Tindak Pidana. Penentuan batas umur 12 (dua belas) tahun didasarkan pada pertimbangan psikologis yaitu kematangan emosional, intelektual, dan mental anak. Anak di bawah umur 12 (dua belas) tahun tidak dapat dipertanggungiawabkan secara pidana dan karena itu pen€rng€uxan perkaranya dilaksanakan sesuai dengan ketenhran peratuztn penrndang- undangan yang mengatur mengenai sistem peradilan pidana anak.

[Pasal 452]: Pasal 452 Ayat (1) Ketentuan ini dimaksudkan untuk memberikan pelindungan terhadap Anak yang telah mendapatkan pelindungan hukum. Misalnya, Anak yang ditempatkan di panti asuhan, apabila mereka dilarikan, maka pelaku Tindak Pidana dapat dipidana. Ayat(21 Cukup jelas.

[Pasal 425]: Pasal 425 Ayat (1) Yang dimaksud dengan ""anak yang ada di bawah kekuasaannya yang sah"" adalah anak kandung, anak tiri, anak angkat, atau anak yang berada di bawah pengawasannya, atau anak yang dipercayakan untuk diasuh, dididik, atau dijaga dan belum berumur 12 (dua belas) tahun. yat(2)... EEtrEIEtrN REPTIEUK INDONESIA Ayat (2) Cukup jelas. Pasal426 Ayat (1) Yang dimaksud dengan ""izinf adalah iin yang ditetapkan oleh pemerintah dengan masyarakat. Ayat(21 Cukup jelas. Pasal427 Cukup jelas.","Menurut Pasal 40, anak di bawah umur 12 (dua belas) tahun tidak dapat dipertanggungiawabkan secara pidana. Oleh karena itu, apapun tindakan yang dilakukan oleh anak di bawah 12 tahun yang melakukan tindak pidana, tidak dapat digunakan sebagai dasar untuk menentukan sanksi hukum terhadapnya.

Dalam hal ini, perkaranya akan dilaksanakan sesuai dengan ketentuan penyelesaian perdata mengenai sistem peradilan pidana anak, seperti yang diatur dalam Pasal 40."
41,Apakah orang yang dipaksa melakukan tindak pidana dapat dipidana?,Pasal 42,Tidak dipidana jika dipaksa oleh kekuatan atau ancaman yang tidak dapat dihindari.,"[Pasal 76]: Pasal 76 Ayat (1) Penjatutran pidana pengawasan terhadap orang yang melakukan Tindak Pidana yang diancam dengan pidana penjara, sepenuhnya terletak pada pertimbangan hakim, dengan memperhatikan keadaan dan perbuatan terpidana. Jenis pidana ini dijatuhkan kepada orang yang pertama kali melakukan Tindak Pidana. Ayat(2) Cukup jelas. Ayat (3) Cukup jelas. Ayat (4) Yang dimaksud dengan ""terpidana"" adalah klien pemasyarakatan. Yang dimaksud dengan 'menjalani pidana penjara yang lamanya tidak lebih dari ancannan pidana penjara bagi Tindak Pidana itu"" adalah menjalani pidana yang pelaksanaannya dijalankan setelah terpidana selesai menjalani pidana penjara dari Tindak Pidana baru. Ayat (5) Cukup jelas. Ayat (6) Cukup jelas. Ayat(71 Cukup jelas. PaseJ77 Cukup jelas.

[Pasal 592]: Pasal 592 Orang yang secara berulang-ulang melakukan Tindak Pidana s6lagaim614 dimaksud dalam

[Pasal 67]: Pasal 67 Dalam ketentuan ini, Tindak Pidana yang dapat diancam dengan pidana yang bersifat khusus adalah Tindak Pidana yang sangat serius atau yang luar biasa, antara lain, Tindak Pidana narkotika, Tindak Pidana terorisme, Tindak Pidana korupsi, dan Tindak Pidana berat terhadap hak asasi manusia. Untuk itu, pidana mati dicantumkan dalam bagian tersendiri untuk menunjukkan bahwa jenis pidana ini benar-benar bersifat khusus. Jika dibandingkan dengan jenis pidana yang lain, pidana mati merupakan jenis pidana yang paling berat. Oleh karena itu, harus selalu diancamkan secara alternatif dengan jenis pidana lainnya yakni pidana penjara seulnur hidup atau pidana penjara paling lama 20 (dua puluh) tahun.","Menurut Pasal 76 Ayat (1), penjatutan pidana pengawasan terhadap orang yang melakukan Tindak Pidana sepenuhnya terletak pada pertimbangan hakim, dengan memperhatikan keadaan dan perbuatan terpidana. Namun, tidak ada ayat atau pasal lain dalam dokumen konteks ini yang spesifik mengatur tentang tindakan paksa terhadap orang untuk melakukan Tindak Pidana.

Oleh karena itu, saya harus menjawab bahwa Informasi tidak tersedia di konteks dan Saya tidak tahu apakah orang yang dipaksa melakukan tindak pidana dapat dipidana atau tidak."
42,Apakah pembelaan terpaksa yang melampaui batas tetap dipidana?,Pasal 43,Tidak dipidana jika terjadi karena keguncangan jiwa hebat akibat serangan.,"[Pasal 43]: Pasal 43 Ketentuan ini mengatur pembelaan terpaksa yang melampaui batas, dengan syarat: a. pembelaan melampaui batas atau tidak proporsional dengan serangan atau ancaman serangan seketika; dan b. yang disebabkan oleh keguncangan jiwa yang hebat karena adanya serangan atau ancaman serangan seketika.

[Pasal 248]: Pasal 248 Ayat (1) Ketentuan ini mengahrr mengenai penggerakan yang gagal. Menurut pasal ini, orang yang menggerakkan sudah dapat dipidana, walaupun orang yang digerakkan itu belum melakukan Tindak Pidana atau percobaan yang danat dipidana. Penggerakan ini harus menggunakan sarana yang ditentukan dalam

[Pasal 34]: Pasal 34 Ketentuan ini mengatur tentang pembelaan terpaksa yang mensyaratkan 4 (empat) keadaan, yaitu: a. harus ada serangan atau ancarnan serangan yang melawan hukum yang bersifat seketika; b. pembelaan dilakukan karena tidak ada jalan lain (subsidiaritas) untuk menghalau serangan; c. pembelaan hanya dapat dilakukan terhadap kepentingan yang ditentukan secara limitatif yaitu kepentingan hukum diri sendiri atau orang lain, kehormatan dalam arti kesusilaan, atau harta benda; dan d. keseimbangan antara pembelaan yang dilakukan dan serangan yang diterima (proporsionalitas).","Menurut Pasal 43, pembelaan terpaksa yang melampaui batas atau tidak proporsional dengan serangan atau ancaman serangan seketika tidak selalu dipidana. Kondisi ini hanya terjadi jika keguncangan jiwa yang hebat karena adanya serangan atau ancaman serangan seketika menyebabkan pembelaan tersebut.

Namun, perlu diingat bahwa Pasal 34 mengatur tentang pembelaan terpaksa secara lebih luas, dengan syarat-syarat tertentu. Oleh karena itu, untuk mengetahui apakah pembelaan terpaksa yang melampaui batas tetap dipidana atau tidak, perlu melihat keberadaan kondisi-kondisi tersebut dalam Pasal 34.

Dalam kasus ini, jika pembelaan terpaksa yang melampaui batas juga memenuhi syarat-syarat lain dalam Pasal 34 (serangan seketika, subsidiaritas, kepentingan limitatif, dan proporsionalitas), maka dapat dipertanyakan apakah masih dipidana. Namun, tanpa informasi lebih lanjut, saya tidak tahu apakah pembelaan terpaksa yang melampaui batas tetap dipidana atau tidak.

Dalam hal ini, saya rujuk pada Pasal 248 Ayat (1) yang menyebutkan bahwa orang yang menggerakkan dapat dipidana walaupun orang yang digerakkan belum melakukan Tindak Pidana. Oleh karena itu, untuk mengetahui apakah pembelaan terpaksa yang melampaui batas tetap dipidana atau tidak, perlu mempertimbangkan Pasal 248 dan kondisi-kondisi lain yang terkait.

Dalam konslusi, saya tidak tahu apakah pembelaan terpaksa yang melampaui batas tetap dipidana atau tidak."
43,Apakah bawahan tetap dipidana jika menjalankan perintah jabatan tanpa wewenang?,Pasal 44,Tidak dipidana jika dengan iktikad baik mengira perintah tersebut sah.,"[Pasal 475]: Pasal 475 Ayat (1) Dari jabatan atau profesi tertentu diharapkan adanya rasa tanggung jawab dalam menjalankan tugas atau pekerjaan yang dipercayakan kepada mereka. Dengan perkataan lain, kealpa.an harus dihindarkan oleh orang yang menjalankan tugas atau pekerjaan secara bertanggung jawab. Oleh karena itu, jika terjadi suatu kealpaan, ancarran pidananya dapat ditambah dengan 1/3 (satu per tiga). Ayat(21 Cukup jelas.

[Pasal 359]: Pasal 359 Cukup jelas. Yang dimaksud dengan ""mencegah"" adalah berusaha agar Pejabat yang berwenang yang bersangkutan tidak sempat bertindak. Yang dimaksud dengan ""menghalang-halangf adalah apabila Pejabat yang berwenang tersebut sudah bertindak dan dicegah untuk melakukan tindakannya. Yang dimaksud dengan omenggagalkan"" adalah meniadakan hasil tindakan yang telah dilakukan Pejabat yang berwenang yang bersangkutan. Tindak Pidana dalam ketentuan ini adalah melalaikan kewajiban Setiap Orang membantu tercapa.inya keadilan, khususnya yang berkaitan dengan pengampuan dan perwalian. Ketentuan ini dimaksudkan bahwa kewajiban Setiap Orang untuk membantu Pejabat yang berwenang dalam melaksanakan tugasnya sesuai dengan ketentuan peraturan perundang-undangan, seperti adanya bahaya lagi keamanan umum atau pada wakhr seseorang tertangkap tangan melakukan Tindak Pidana, dan sebagainya. Karena itu, perbuatan tidak membantu padahal perbuatan itu tidak akan membahayakan dirinya patut dicela. asal 360... rl ffitrEIEtrN REPUBUK INDONESIA

[Pasal 273]: Pasal 273 Setiap Orang yang tanpa izin uang atau Barang dalam bentuk gadai, jual beli dengan boleh dibeli kembali, atau perjanjian komisi sebagai mata pencaharian, dipidana dengan pidana penjara paling lama 1 (satu) tahun atau pidana denda paling banyak kategori III. aragraf2 . . . FRESIDEN REI'UBUK INDONESIA Paragraf 3 Menjalankan Pekerjaan tanpa Izin atau Melampaui Kewenangan Paragraf 2 Penyelenggaraan Pesta atau Keramaian","Menurut Pasal 475 Ayat (1) KUHAP, dari jabatan atau profesi tertentu diharapkan adanya rasa tanggung jawab dalam menjalankan tugas atau pekerjaan yang dipercayakan kepada mereka. Oleh karena itu, jika bawahan menjalankan perintah jabatan tanpa wewenang, maka ia tidak seharusnya dipidana.

Namun, perlu diingat bahwa Pasal 359 KUHAP mengatur tentang kewajiban Setiap Orang untuk membantu Pejabat yang berwenang dalam melaksanakan tugasnya. Oleh karena itu, jika bawahan menjalankan perintah jabatan tanpa wewenang dan hal tersebut dapat membahayakan keamanan umum atau seseorang tertangkap tangan melakukan Tindak Pidana, maka ia seharusnya dipidana.

Dalam kasus ini, perlu dianalisis lebih lanjut apakah perintah jabatan yang diterima oleh bawahan sah atau tidak. Jika perintah jabatan tidak sah, maka bawahan tidak seharusnya dipidana. Namun, jika perintah jabatan sah namun bawahan menjalankannya tanpa wewenang, maka ia seharusnya dipidana.

Dalam ketentuan ini, kewajiban Setiap Orang untuk membantu Pejabat yang berwenang dalam melaksanakan tugasnya sesuai dengan ketentuan peraturan perundang-undangan, seperti adanya bahaya lagi keamanan umum atau pada wakhr seseorang tertangkap tangan melakukan Tindak Pidana, dan sebagainya."
44,Apakah korporasi dapat menjadi subjek tindak pidana?,Pasal 45 ayat (1),"Ya, korporasi merupakan subjek tindak pidana.","[Pasal 198]: Pasal 198 Dalam ketentuan ini, yang menjadi subjek Tindak Pidana adalah Seriap Orang yang bertugas melakukan perundingan dengan negara asing atas nama Pemerintah Indonesia. Ini berarti yang bersangkutan mewakili Pemerintah Indonesia dan segala akibat dari perundingan tersebut menjadi tanggung jawab Pemerintah Indonesia. Oleh karena itu, berdasarkan ketentuan ini, orang tersebut dilarang bertindak merugikan pertahanan negara.

[Pasal 67]: Pasal 67 Dalam ketentuan ini, Tindak Pidana yang dapat diancam dengan pidana yang bersifat khusus adalah Tindak Pidana yang sangat serius atau yang luar biasa, antara lain, Tindak Pidana narkotika, Tindak Pidana terorisme, Tindak Pidana korupsi, dan Tindak Pidana berat terhadap hak asasi manusia. Untuk itu, pidana mati dicantumkan dalam bagian tersendiri untuk menunjukkan bahwa jenis pidana ini benar-benar bersifat khusus. Jika dibandingkan dengan jenis pidana yang lain, pidana mati merupakan jenis pidana yang paling berat. Oleh karena itu, harus selalu diancamkan secara alternatif dengan jenis pidana lainnya yakni pidana penjara seulnur hidup atau pidana penjara paling lama 20 (dua puluh) tahun.

[Pasal 47]: Pasal 47 Yang dimaksud dengan ""pemegang kendali"" adalah Setiap Orang yang memiliki kekuasaan atau wewenang sebagai penentu kebijalen Korporasi atau memiliki kewenangan untuk melakukan kebijalran Korporasi tersebut tanpa hanrs mendapat otorisasi dari atasannya.","Saya tidak tahu. Dokumen konteks tidak menyebutkan bahwa korporasi dapat menjadi subjek tindak pidana. Pasal 198 hanya mengatur bahwa yang menjadi subjek tindak pidana adalah Seriap Orang yang bertugas melakukan perundingan dengan negara asing atas nama Pemerintah Indonesia, tidak ada ketentuan yang mengatur korporasi sebagai subjek tindak pidana. Oleh karena itu, saya tidak dapat memberikan jawaban affirmatif atau negative untuk pertanyaan ini."
45,Kapan tindak pidana dianggap dilakukan oleh korporasi?,Pasal 46,"Tindak pidana dianggap dilakukan oleh korporasi jika dilakukan oleh pengurus, pemberi perintah, pemegang kendali, atau pihak lain berdasarkan hubungan kerja atau hubungan lain yang bertindak untuk kepentingan dan dalam lingkup usaha korporasi (wajib dibaca bersama Pasal 47).","[Pasal 67]: Pasal 67 Dalam ketentuan ini, Tindak Pidana yang dapat diancam dengan pidana yang bersifat khusus adalah Tindak Pidana yang sangat serius atau yang luar biasa, antara lain, Tindak Pidana narkotika, Tindak Pidana terorisme, Tindak Pidana korupsi, dan Tindak Pidana berat terhadap hak asasi manusia. Untuk itu, pidana mati dicantumkan dalam bagian tersendiri untuk menunjukkan bahwa jenis pidana ini benar-benar bersifat khusus. Jika dibandingkan dengan jenis pidana yang lain, pidana mati merupakan jenis pidana yang paling berat. Oleh karena itu, harus selalu diancamkan secara alternatif dengan jenis pidana lainnya yakni pidana penjara seulnur hidup atau pidana penjara paling lama 20 (dua puluh) tahun.

[Pasal 136]: Pasal 136 Ayat (1) Ketentuan liedaluwarsa dalam ketentuan ini dimaksudkan untuk memberi kepastian hukum terhadap status Tindak Pidana yang dilakukan. Hal ini dikarcnalan dengan lewatnya jangka waktu tersebut pada umumnya sulit untuk menentukan alat-alat bukti. Penentuan tenggang watrrhr kedaluwarsa disesuaikan dengan berat ringannya Tindak Pidana yang dilakukan. Bagi Tindak Pidana yang lebih berat, tenggang waktu kedaluwarsa lebih lama daripada tenggang waktu bagi Tindak Pidana yang lebih ringan. Ayat (2) Ketentuan pada ayat ini disesuaikan dengan prinsip dalam hukum pidana yang memperlakukan secara khusus bagi Anak. Oleh karena itu, tenggang waktu kedaluwarsa terhadap Tindak Pidana yang dilakukan Anak lebih singkat daripada Tindak Pidana yang dilakukan orang dewasa.

[Pasal 491]: Pasal 491 Cukup jelas. Ketentuan ini mengatur Tindak Pidana penggelapan. Pada Tindak Pidana penggelapan, Barang yang bersangkutan sudah dikuasai secara nyata oleh pelaku Tindak Pidana. Hal ini berbeda dengan pencurian di mana Barang tersebut belum berada di tangan pelaku Tindak Pidana. Saat timbulnya niat untuk memiliki Barang tersebut secara melawan hukum, juga menentukan perbedaan antara penggelapan dan pencurian. Apabila niat memiliki sudah ada pada waktu Barang tersebut diambil, maka perbuatan tersebut merupakan Tindak Pidana pencurian, sedang pada penggelapan, niat memiliki tersebut baru ada setelah Barang yang bersangkutan untuk beberapa waktu sudah berada di tangan pelaku. Unsur Tindak Pidana penggelapan lainnya adalah bahwa pelaku menguasai Barang yang hendak dimiliki tersebut bukan karena Tindak Pidana, misalnya suatu Barang yang berada dalam penguasaan pelaku Tindak Pidana sebagai jaminan utang piutang yang kemudian dijual tanpa izin pemililoeya. Dalam ketentuan ini, penyerahan Barang karena terpaksa, misalnya pada walrhr terjadi bencana alam seperti kebakaran, banjir, gempa. bumi, dan lain- lain, Barang tersebut diserahkan untuk diselamatkan atau karena tidak mampu mengurus sendiri Barang tersebut, sehingga perlu diserahkan kepa.da pihak lain. l,148A PasaJ492.. . FRESIDEN REI'UELIK INOONESIA","Menurut Pasal 67, Tindak Pidana yang dapat diancam dengan pidana yang bersifat khusus adalah Tindak Pidana yang sangat serius atau yang luar biasa, antara lain, Tindak Pidana narkotika, Tindak Pidana terorisme, Tindak Pidana korupsi, dan Tindak Pidana berat terhadap hak asasi manusia.

Dalam hal ini, tidak ada informasi yang mengatur apakah tindak pidana dapat dianggap dilakukan oleh korporasi. Oleh karena itu, saya harus menjawab ""Saya tidak tahu"" atau ""Informasi tidak tersedia di konteks""."
46,Kapan korporasi dapat dimintai pertanggungjawaban pidana?,Pasal 48,"Korporasi dapat dimintai pertanggungjawaban jika tindak pidana termasuk dalam lingkup usahanya, memberikan keuntungan melawan hukum, dilakukan berdasarkan kebijakan korporasi, terjadi pembiaran, atau terdapat kegagalan korporasi dalam melakukan upaya pencegahan dan kepatuhan.","[Pasal 55]: Pasal 55 Yang dimaksud dengan ""sengaja menyebabkan te{adinya keadaan yang dapat menjadi alasan peniadaan pidana"" adalah bahwa pelaku dengan seng4a mengondisikan dirinya atau suatu keadaan tertentu dengan maksud agar dapat dibebaskan dari pertanggungjawaban pidana karena alasan pembenar atau alasan pemaaf. asal 56. . . tftEtrIEtrN lirl:irkIII-INIIr-NI.F{IJ

[Pasal 37]: Pasal 37 Ketentuan ini ditujukan bagi Tindak Pidana yang mengandung asas pertanggungiawaban mutlak (strbt liabilitgl atau pertanggungiawaban pengganti (uicaious liabilitgl yang dinyatakan secara tegas oleh Undang- Undang yang bersangkutan. Huruf a Ketentuan ini mengandung asas pertanggungiawaban mutlak (stnct liabilitgl yang menentukan bahwa pelaku Tindak Pidana telah dapat dipidana hanya karena telah dipenuhinya unsur-unsur Tindak Pidana dari perbuatannya. Huruf b Ketentuan ini mengandung asas pertanggungiawaban pengganti (ubaious liabilitgl yang menentukan bahwa Setiap Orang bertanggung jawab atas perbuatan yang dilakukan oleh orang lain yang melakukan pekerjaan atau perbuatan untuknya atau dalam batas perintahnya, misalnya pimpinan perusahaan yang bertanggung jawab atas perbuatan bawahannya.

[Pasal 47]: Pasal 47 Yang dimaksud dengan ""pemegang kendali"" adalah Setiap Orang yang memiliki kekuasaan atau wewenang sebagai penentu kebijalen Korporasi atau memiliki kewenangan untuk melakukan kebijalran Korporasi tersebut tanpa hanrs mendapat otorisasi dari atasannya.","Menurut Pasal 37 huruf b, Setiap Orang bertanggung jawab atas perbuatan yang dilakukan oleh orang lain yang melakukan pekerjaan atau perbuatan untuknya atau dalam batas perintahnya. Oleh karena itu, korporasi dapat dimintai pertanggungjawaban pidana apabila terdapat unsur-unsur tindak pidana yang diketahui dan diperbuat oleh pimpinan korporasi atau orang lain yang melakukan pekerjaan untuk korporasi tersebut, dalam batas perintah pimpinan korporasi.

Dalam hal ini, korporasi dapat dimintai pertanggungjawaban pidana karena memiliki kewenangan sebagai pemegang kendali, sebagaimana diatur dalam Pasal 47. Dengan demikian, korporasi tidak hanya bertanggung jawab atas perbuatan yang dilakukan oleh bawahannya, tetapi juga dapat dimintai pertanggungjawaban pidana jika terdapat unsur-unsur tindak pidana yang diketahui dan diperbuat oleh pimpinan korporasi atau orang lain yang melakukan pekerjaan untuk korporasi tersebut."
47,Siapa saja yang dapat dimintai pertanggungjawaban atas tindak pidana korporasi?,Pasal 49,"Tanggung jawab dikenakan secara mandiri atau bersamaan kepada korporasi, pengurus, pemberi perintah, pemegang kendali (controlling person), dan/atau pemilik manfaat (beneficial owner), yang sifat pemidanaannya tidak otomatis berlaku kumulatif untuk seluruh pihak melainkan dinilai berdasarkan porsi kesalahan masing-masing.","[Pasal 37]: Pasal 37 Ketentuan ini ditujukan bagi Tindak Pidana yang mengandung asas pertanggungiawaban mutlak (strbt liabilitgl atau pertanggungiawaban pengganti (uicaious liabilitgl yang dinyatakan secara tegas oleh Undang- Undang yang bersangkutan. Huruf a Ketentuan ini mengandung asas pertanggungiawaban mutlak (stnct liabilitgl yang menentukan bahwa pelaku Tindak Pidana telah dapat dipidana hanya karena telah dipenuhinya unsur-unsur Tindak Pidana dari perbuatannya. Huruf b Ketentuan ini mengandung asas pertanggungiawaban pengganti (ubaious liabilitgl yang menentukan bahwa Setiap Orang bertanggung jawab atas perbuatan yang dilakukan oleh orang lain yang melakukan pekerjaan atau perbuatan untuknya atau dalam batas perintahnya, misalnya pimpinan perusahaan yang bertanggung jawab atas perbuatan bawahannya.

[Pasal 67]: Pasal 67 Dalam ketentuan ini, Tindak Pidana yang dapat diancam dengan pidana yang bersifat khusus adalah Tindak Pidana yang sangat serius atau yang luar biasa, antara lain, Tindak Pidana narkotika, Tindak Pidana terorisme, Tindak Pidana korupsi, dan Tindak Pidana berat terhadap hak asasi manusia. Untuk itu, pidana mati dicantumkan dalam bagian tersendiri untuk menunjukkan bahwa jenis pidana ini benar-benar bersifat khusus. Jika dibandingkan dengan jenis pidana yang lain, pidana mati merupakan jenis pidana yang paling berat. Oleh karena itu, harus selalu diancamkan secara alternatif dengan jenis pidana lainnya yakni pidana penjara seulnur hidup atau pidana penjara paling lama 20 (dua puluh) tahun.

[Pasal 24]: Pasal 24 (1) Dalam hal tertentu, pelaku Tindak Pidana hanya dapat dituntut atas dasar pengaduan. (21 Tindak Pidana aduan harus ditentukan secara tegas dalam Undang-Undang.","Menurut Pasal 37 huruf b, Setiap Orang bertanggung jawab atas perbuatan yang dilakukan oleh orang lain yang melakukan pekerjaan atau perbuatan untuknya atau dalam batas perintahnya. Oleh karena itu, pelaku tindak pidana korporasi dapat dimintai pertanggungjawaban sebagai pimpinan perusahaan yang bertanggung jawab atas perbuatan bawahannya.

Dasar hukum: Pasal 37 huruf b"
48,Apa tujuan pemidanaan menurut KUHP baru?,Pasal 51,"Pemidanaan bertujuan melindungi masyarakat, membina pelaku, menyelesaikan konflik, dan menumbuhkan penyesalan.","[Pasal 126]: Pasal 126 Ayat (1) Dalam ketentuan ini, mengatur pemidanaan jika ada perbuatan berlanjut (uoortgqette handelind. Seperti halnya konkursus idealis, dalam perbuatan berlanjut terdapat kesatuan perbuatan yang dipandang dari sudut hukum. Dalam perbuatan berlanjut digunakan sistem pemidanaan absorbsi. Ayat(2)... |K INDONESIA Ayat(21 Cukup jelas.

[Pasal 57]: Pasal 57 memenuhi tujuan pemidanaan.

[Pasal 113]: Pasal 113 Ayat (1) Hurufa Cukup jelas. Huruf b Cukup jelas. Hurufc Cukup jelas. Hurufd Yang dimaksud dengan ""lembaga' adalah kmbaga Penyelenggaraan Kesejahteraan Sosial di instansi yang menangani bidang kesejahteraan sosial, baik di tingkat pusat maupun daerah. Hurufe Cukup jelas. Huruf f Cukup jelas. Huruf g Ctrkup jelas. Ayat (2) Cukup jelas. Ayat (3) Cukup jelas.","Menurut Pasal 57, tujuan pemidanaan adalah memenuhi tujuan. Saya tidak menjawab lebih lanjut karena informasi tidak tersedia di konteks."
49,Apakah pemidanaan boleh merendahkan martabat manusia?,Pasal 52,Tidak boleh.,"[Pasal 435]: Pasal 435 Ayat (l) Jika orang yang dihina, yaitu yang dituduh telah melakukan sesuatu perbuatan dan karenanya terserang kehormatan atau nama baiknya, dengan putusan pengadilan yang telah memperoleh kekuatan hukum tetap ternyata memang bersalah atas hal yang dituduhkan, terhadap penuduh tidak boleh dilakukan pemidanaan karena fitnah. Ayat (2) Cukup jelas. Ayat (3) Cukup jelas.

[Pasal 466]: Pasal 466 Ayat (l) Kdtentuan ini tidak memberi perumusan mengenai pengertian penganiayaan. Hal ini diserahkan kepa.da penilaian hakim untuk memberikan interpretasi terhadap kasus yang dihadapi sesuai dengan perkembangan nilai-nilai sosial dan budaya serta perkembangan dunia kedokteran. Ini berarti bahwa pengertian penganiayaan tidak harus berarti terbatas pada penganiayaan fisik dan sebaliknya tidak setiap penderitaan fisik selalu diartikan sebagai penganiayaan. Dalam ketenhran ini juga tidak dicantumkan unsur ""dengan seng4ia"" karena hal tersebut sudah diatur dalam

[Pasal 126]: Pasal 126 Ayat (1) Dalam ketentuan ini, mengatur pemidanaan jika ada perbuatan berlanjut (uoortgqette handelind. Seperti halnya konkursus idealis, dalam perbuatan berlanjut terdapat kesatuan perbuatan yang dipandang dari sudut hukum. Dalam perbuatan berlanjut digunakan sistem pemidanaan absorbsi. Ayat(2)... |K INDONESIA Ayat(21 Cukup jelas.","Saya tidak tahu, informasi tidak tersedia di konteks. Pemidanaan bukanlah substansi Pasal 435 dan Pasal 466 yang terkait dengan fitnah dan penganiayaan. Namun, menurut Pasal 126 Ayat (1), perbuatan berlanjut dapat mempengaruhi pemidanaan. Oleh karena itu, tidak ada informasi langsung di dalam dokumen konteks tentang apakah pemidanaan boleh merendahkan martabat manusia."
50,Apa yang harus diutamakan hakim jika keadilan bertentangan dengan kepastian hukum?,Pasal 53 ayat (2),Hakim wajib mengutamakan keadilan.,"[Pasal 53]: Pasal 53 Ayat (1) Cukup jelas. Ayat(21 Kepa.stian hukum dan keadilan merupakan 2 (dua) tqiuan hukum yang kerap kali tidak sejalan satu sama lain dan sulit dihindarkan dalam praktik hukum. Suatu peraturan perundarrg-undangan yang lebih banyak memenuhi tuntutan kepastian hukum maka semakin besar pula kemungkinan aspek keadilan terdesak. peraturan perundang-undangan ini dalam praktik dapat diatasi dengan jalan memberi penafsiran atas peraturan perundang-undangan tersebut dalam penerapannya pada kejadian konkret. Jika dalam penerapan yang konkret, terjadi pertentangan antara kepastian hukum dan keadilan, hakim sedapat mungkin keadilan di atas kepastian hukum.

[Pasal 65]: Pasal 65 Ayat (1) Meskipun hakim mempunyai pilihan dalam menghadapi rumusan pidana yang bersifat alternatif, namun dalam melalrukan pilihan tersebut hakim senantiasa berorientasi pada tqluan pemidanaan, dengan mendahulukan atau mengutamakan jenis pidana yang lebih ringan jika hal tersebut telah Ketentuan ini bertujuan memberi kepastian (petunjuk) bagi hakim dalam menjatuhkan pidana apabila terdapat hal-hal yang memperberat pidana dengan ditetapkannya maksimum ancaman pidananya ditambah 1/3 (satu per tiga). Ketentuan ini memuat jenis-jenis pidana pokok yang dapat dijatuhkan oleh hakim. Ancaman pidana pokok terhadap Tindak Pidana yang dirumuskan dalam Buku Kedua pada dasarnya meliputi jenis pidana penjara dan pidana denda. Pidana . . . 7l Pidana tutupan, pidana pengawasan, dan pidana kerja sosial pada dasarnya merupakan suatu model pelaksanaan pidana sebagai altematif dari pidana penjara. Pencantuman jenis pidana ini merupakan konsekuensi diterimanya hukum pidana yang memperhatikan keseimbangan kepentingan antara perbuatan dan keadaan pelaku Tindak Pidana (daod4aderstrafrcch$ untuk mengembangkan altematif selain pidana penjara. Melalui penjatuhan jenis pidana ini terpidana dapat dibebaskan dari rasa bersalah, dan masyarakat dapat berperan serta secara aktif untuk terpidana dengan melakukan hal-hal yang bermanfaat, misat:ya penjatuhan pidana berupa pidana kerja sosial. Ayat (2) Pada dasarnya hakim mempunyai pilihan untuk menjatuhkan salah satu pidana yang bersifat alternatif, namun dalam melakukan pilihan tersebut hakim senantiasa berorientasi pada tujuan pemidanaan, dengan mendahulukan atau mengutamakan jenis pidana yang lebih ringan jika hal tersebut telah memenuhi tujuan pemidanaan.

[Pasal 93]: Pasal 93 Ayat (1) Pidana tambahan berupa pengumuman putusan hakim dimaksudkan agar masyarakat mengetahui perbuatan apa dan pidana yang bagaimsna yang dijatuhkan kepada terpidana. Pidana tambahan ini dimaksudkan unhrk memberi pelindungan kepada masyarakat. Ayatl2l Seperti pada pidana perampasan Barang tertentu, jika terpidana tidak membayar biaya pengumuman, maka berlaku ketentuan yang sama tentang pidana pengganti untuk pidana denda.","Menurut Pasal 53 Ayat (1), jika dalam penerapan yang konkret terjadi pertentangan antara kepastian hukum dan keadilan, hakim sedapat mungkin keadilan di atas kepastian hukum."
